rate	title	country	rating_sum	year
6.9	美式	法国	25.0	2011
7.3	家庭事务	法国	25.0	2008
6.7	三个聪明人	法国	26.0	2001
6.4	奶奶的葬礼	法国	26.0	2012
7.0	屠杀的游戏	法国	27.0	1967
6.3	Le Maestro Do-mi-sol-do	法国	27.0	1906
6.2	Les Bulles de savon vivantes	法国	27.0	1906
6.6	我想我爱她	法国	27.0	2007
6.3	致命的过错	法国	28.0	2003
6.5	谢谢你，我很好	法国	28.0	2007
6.4	倒霉的摄影师	法国	28.0	1908
6.6	Le palais des mille et une nuits	法国	28.0	1905
6.9	奥托父子	法国	28.0	2007
6.3	La Douche d'eau bouillante	法国	29.0	1907
7.1	阿玛布老爹	法国	29.0	2007
5.2	征服者	法国	29.0	2013
6.5	两个秋天 三个冬天	法国	29.0	2013
7.0	同屋聚会	法国	29.0	2012
6.9	上流社会	法国	29.0	2014
6.4	马赛人	法国	30.0	2004
5.3	某男的第一份工作	法国	30.0	1908
7.4	天空会等待	法国	30.0	2016
4.8	F**K	法国	30.0	2015
6.3	Les illusions fantaisistes	法国	30.0	1910
5.9	重来16岁	法国	30.0	2013
7.8	谋杀时刻	法国	30.0	1956
7.3	D'Une Rare Crudité	法国	30.0	2010
5.0	巫山云雨	法国	30.0	2013
6.9	缅因海	法国	30.0	1986
5.9	冬之歌	法国	31.0	2015
6.2	姐妹同行	法国	31.0	2015
6.8	一生所求	法国	31.0	2011
6.7	告诉他我爱他	法国	31.0	1977
7.5	圣诞节会下雪吗？	法国	31.0	1996
7.3	爱情诸如此类	法国	31.0	1996
8.5	巴黎屋檐下	法国	31.0	2007
5.1	13平方米	法国	32.0	2007
6.6	里普的美丽传说	法国	32.0	1905
6.3	Jack le ramoneur	法国	32.0	1906
6.3	Les Fromages automobiles	法国	32.0	1907
8.2	国道7号	法国	32.0	2000
5.3	青涩的季节	法国	33.0	1984
7.0	幸福就在牧场	法国	33.0	1995
6.6	Ego	法国	33.0	2006
6.2	都市女孩	法国	33.0	2014
7.3	大革命之夏	法国	33.0	1989
7.3	达尼尔阿姨	法国	33.0	1990
7.3	你会想我的	法国	33.0	2009
6.5	卡萨诺瓦归来了	法国	33.0	1992
6.9	愿真主保佑法国	法国	33.0	2014
7.2	老调重弹	法国	34.0	1982
7.3	天涯海角	法国	34.0	1929
8.0	冬天的猴子	法国	34.0	1962
6.7	我的甜心	法国	34.0	2011
6.7	冬天的孩子	法国	34.0	1989
8.7	Miss Catastrophe	法国	34.0	1957
7.4	我们的地球朋友	法国	34.0	2006
7.3	邦克大饭店	法国	34.0	1989
5.5	不屈者	法国	34.0	2008
6.9	神秘的外来客	法国	34.0	2000
6.9	宝贝	法国	34.0	2003
6.3	夏日夫妻	法国	34.0	1990
7.0	劣货	法国	34.0	2003
8.3	会考风波	法国	34.0	1980
5.9	公主之谜	法国	35.0	2006
5.9	Canard à l'orange	法国	35.0	2002
6.9	奥雷莉亚・史坦尼（墨尔本）	法国	35.0	1979
6.5	汽车钥匙	法国	35.0	2003
6.4	移情失控	法国	35.0	2012
7.3	夜班	法国	35.0	2001
5.7	门多萨婚礼	法国	35.0	2011
6.9	孙子们	法国	35.0	2004
6.4	悭吝人	法国	35.0	1908
7.5	邻居	法国	35.0	2003
7.0	童男日记	法国	35.0	1968
7.4	地球某处	法国	36.0	2013
5.7	让-德-拉封丹的挑战	法国	36.0	2007
7.1	蓝色的字	法国	36.0	2005
7.3	第一步	法国	36.0	2012
7.3	上帝啊，真笨！	法国	36.0	2000
6.8	一切都好，我们走吧	法国	36.0	2000
8.1	一则故事	法国	36.0	2013
6.0	无福之地	法国	36.0	2008
8.2	在八月的第一个周日	法国	36.0	2000
7.2	瓦拉出租车	法国	36.0	2007
7.5	宁静城市	法国	36.0	2000
6.7	Une chute de cinq étages	法国	36.0	1906
7.2	艳阳假期	法国	37.0	1978
4.5	北非特警	法国	37.0	2011
6.8	土耳其老大	法国	37.0	2010
6.8	懒兵	法国	37.0	1928
6.8	单身妈妈的爱情故事	法国	37.0	2003
6.3	黑道无间	法国	37.0	2002
8.4	燃烧的火炉	法国	37.0	1923
6.2	海鸥	法国	37.0	1996
6.2	宁静的周末	法国	37.0	2007
6.9	La course des sergents de ville	法国	37.0	1907
7.1	蓝眼睛的圣诞老人	法国	37.0	1966
7.2	柯南上尉	法国	37.0	1996
6.9	孩子们	法国	37.0	1985
7.2	3张26日的票	法国	37.0	1988
6.1	死前戏	法国	37.0	2004
7.0	情书战场	法国	37.0	1991
6.1	横冲直撞三兄弟2	法国	37.0	2014
5.5	真不走运	法国	37.0	2012
5.5	我的初恋	法国	37.0	2012
7.5	闪闪圣诞梦	法国	37.0	2014
6.9	两厢情愿	法国	38.0	2002
7.5	这就是生活	法国	38.0	2001
5.5	La Planche du diable	法国	38.0	1904
7.7	我妈妈在美洲，她遇到了水牛比尔	法国	38.0	2013
5.3	知性纽约	法国	38.0	2012
6.6	定期业绩	法国	38.0	2010
5.1	女士简	法国	38.0	2008
6.5	有罪	法国	38.0	2008
5.6	现代美女与野兽	法国	39.0	1999
7.4	圣保罗钟表匠	法国	39.0	1974
6.3	宝贝	法国	39.0	2009
7.1	诺娃	法国	39.0	1976
6.6	是的，但……	法国	39.0	2001
5.2	鲍勃・基克	法国	39.0	1903
7.8	玛丽・马尔麦	法国	39.0	2002
7.2	路路格拉菲蒂	法国	39.0	1992
6.4	死亡名单	法国	39.0	2009
7.2	无题	法国	39.0	1997
7.3	《各自逃生》的剧本	法国	39.0	1979
6.6	孽海亲情	法国	39.0	1987
6.6	海盗	法国	39.0	1984
7.6	热狗	法国	40.0	2000
4.9	小子布里斯3	法国	40.0	2016
8.1	珠宝王子	法国	40.0	1992
7.9	房客	法国	40.0	2012
6.6	海底扇f哩	法国	40.0	1907
6.6	星期日	法国	40.0	2008
5.6	Les Transmutations imperceptibles	法国	40.0	1904
7.2	爸爸	法国	40.0	2005
7.3	学徒朱利安	法国	40.0	2000
6.2	替罪羊	法国	40.0	2013
7.9	建筑幸福的人	法国	40.0	1957
7.9	伙伴	法国	40.0	1983
6.3	纯羊绒	法国	41.0	2013
8.0	汤姆和罗拉	法国	41.0	1990
6.3	时候到了	法国	41.0	2005
7.7	下落的猫	法国	41.0	1890
5.8	La Parapluie fantastique	法国	41.0	1903
8.1	美国料理	法国	41.0	1998
6.2	款式	法国	41.0	1914
5.8	冤家路窄	法国	41.0	2006
5.7	审判的奇迹	法国	41.0	1904
7.8	打赌	法国	41.0	1997
5.9	杰克和吉姆	法国	41.0	1903
5.7	Une bonne farce avec ma tête	法国	41.0	1904
6.7	在世人面前	法国	41.0	1991
4.5	爱你爱到咬死你	法国	42.0	2001
6.7	无辜者	法国	42.0	1987
6.2	宙斯的闪电	法国	42.0	1903
7.0	红色幽灵	法国	42.0	1907
5.7	战地医生	法国	42.0	1979
7.4	十月怀胎	法国	42.0	1994
6.7	累得要命	法国	42.0	1994
5.8	足球天才	法国	42.0	2002
7.6	玛丽乔的两个情人	法国	42.0	2002
5.1	复仇的火焰	法国	42.0	1999
5.8	难忘之夜	法国	42.0	2012
6.9	狂奔	法国	42.0	2012
5.8	神秘的盒子	法国	42.0	1903
7.4	某处	法国	42.0	2005
6.8	永远的好朋友	法国	42.0	2010
6.2	曼谷大冒险	法国	42.0	2014
4.9	活死人绿洲	法国	42.0	1981
6.5	L'Auberge du bon repos	法国	43.0	1903
5.6	性奋按键	法国	43.0	1985
6.9	贝卡西娜	法国	43.0	2001
7.6	爱之物语	法国	43.0	2004
6.5	浮士德和玛格丽特	法国	43.0	1904
6.8	奥斯卡	法国	43.0	1967
6.9	爱伦坡作品	法国	43.0	1981
7.0	旧日重返	法国	43.0	1996
7.0	生活的平衡	法国	43.0	2015
5.5	钟表匠的梦	法国	43.0	1904
7.6	沙之堡	法国	43.0	2015
5.7	L' Oracle de Delphes	法国	43.0	1903
7.3	弗朗克里瓦	法国	43.0	2003
5.7	宝莲侦探	法国	43.0	2012
6.5	假牙	法国	43.0	1909
6.6	女演员	法国	43.0	2007
6.6	红海妖	法国	43.0	2002
6.1	沙岗堡	法国	43.0	1984
7.0	爱到无路可出	法国	43.0	1999
5.8	Le Revenant	法国	43.0	1903
5.4	麦克斯的处女作	法国	43.0	1910
7.2	尤莉娅	法国	44.0	2009
4.9	夜盲症	法国	44.0	2016
6.2	裸胸的金发女郎	法国	44.0	2010
7.3	塞萨尔	法国	44.0	1936
6.1	戴维和汉森夫人	法国	44.0	2012
6.1	输就是赢	法国	44.0	2003
7.6	骗子难过美人关	法国	44.0	1975
5.4	沙之下	法国	44.0	2014
7.6	也许	法国	44.0	1999
6.6	男人的心思2	法国	44.0	2007
7.4	旋转木马	法国	44.0	1980
7.3	蜥蜴	法国	44.0	2013
7.8	这就是感动我们的东西	法国	45.0	1989
6.7	他周日离去	法国	45.0	2013
7.1	火焰天使	法国	45.0	2006
7.1	惊弓之鸟	法国	45.0	2014
6.9	两个朋友	法国	45.0	2007
6.7	第一天	法国	45.0	2009
7.5	真幻之爱	法国	45.0	1984
8.1	迷宫	法国	45.0	1969
7.5	吹牛大王历险记	法国	45.0	1911
6.3	象牙	法国	45.0	1980
5.6	L'Enchanteur Alcofrisbas	法国	45.0	1903
5.5	格斗女王	法国	45.0	2013
5.6	Tom Tight et Dum-Dum	法国	45.0	1903
6.2	爱无可赦	法国	45.0	2011
6.8	别墅里的梦	法国	45.0	2001
5.9	黑夜追击	法国	45.0	1980
8.0	芬妮	法国	45.0	1932
7.2	穿越英吉利	法国	45.0	1907
6.5	侠盗之歌	法国	45.0	2011
6.9	心理治疗	法国	45.0	1999
6.8	陌生人的慰籍	法国	46.0	2011
7.3	小王子	法国	46.0	1990
7.3	孤独	法国	46.0	2012
6.8	拖船	法国	46.0	1941
5.8	步骤	法国	46.0	1975
8.0	女人只有一种	法国	46.0	1999
5.2	糖果男孩	法国	46.0	2007
6.9	肉体的恶魔	法国	46.0	1947
5.5	Le Coffre enchanté	法国	46.0	1904
7.4	音乐	法国	46.0	1967
6.5	月夜	法国	46.0	1985
6.4	西格玛星球	法国	46.0	2014
6.8	真的不骗你	法国	46.0	1997
6.6	斧头劈小孩子	法国	46.0	1903
8.8	魂系蒙特卡洛	法国	46.0	2003
6.3	总统	法国	46.0	2006
6.3	奇妙花圈	法国	46.0	1903
6.6	亡命反击	法国	46.0	1987
6.6	巫师摄影师	法国	46.0	1903
6.5	无所畏惧	法国	46.0	2015
7.8	一条军裤	法国	47.0	1997
5.2	心声	法国	47.0	2010
6.4	第七个目标	法国	47.0	1984
6.3	男演员	法国	47.0	2000
7.0	诺亚方舟	法国	47.0	1967
7.3	夜之门	法国	47.0	1946
5.2	复仇女尸	法国	47.0	1987
6.1	黑衣女子的香气	法国	47.0	2005
7.9	舒尔茨先生的荣誉	法国	47.0	1997
6.7	磨坊	法国	47.0	2005
4.7	巫毒娃娃	法国	47.0	1987
5.0	赤裸吸血鬼	法国	47.0	1970
7.5	露露的罗曼	法国	47.0	2001
4.2	红色的果实	法国	48.0	2003
7.5	法官与杀人犯	法国	48.0	1976
6.2	麦克斯洗澡	法国	48.0	1910
6.5	人性问题	法国	48.0	2007
7.4	厨房	法国	48.0	2005
7.7	地球人前传	法国	48.0	2008
6.9	科德利尔的遗嘱	法国	48.0	1959
6.1	黑天使	法国	48.0	1994
5.9	巫师的复仇	法国	48.0	1903
6.7	爱的惊喜	法国	48.0	1915
5.9	索尔菲雷诺之战	法国	48.0	2013
5.8	芭蕾舞大师的梦	法国	48.0	1903
6.7	最后的放映	法国	48.0	2011
7.3	曲奇	法国	48.0	2012
6.8	秋波	法国	48.0	2007
7.0	反之亦然	法国	49.0	1996
6.7	情债	法国	49.0	2001
7.3	不售不租	法国	49.0	2011
7.0	月光小夜曲	法国	49.0	1904
4.7	挫折	法国	49.0	1971
7.1	再见了，巴黎的夜	法国	49.0	1979
7.2	大象骗人	法国	49.0	1976
6.9	Milena与张志泽	法国	49.0	2012
6.8	祸不单行	法国	49.0	1903
6.2	吸血鬼的颤抖	法国	49.0	1971
5.0	1805	法国	50.0	2005
7.3	掷球聚会	法国	50.0	1895
6.7	换子记	法国	50.0	2011
7.1	巫师	法国	50.0	1906
6.8	意大利人	法国	50.0	2010
7.4	给世界一个吻	法国	50.0	2007
6.1	End of Summer	法国	50.0	2005
7.3	啊斯	法国	50.0	1959
7.3	夏日时光	法国	50.0	1943
6.6	儿子	法国	50.0	2014
9.0	加油	法国	50.0	1964
5.6	绘画课	法国	50.0	1903
6.9	父亲的新客人	法国	50.0	2010
7.0	天空属于你们	法国	50.0	1944
6.3	盼湔	法国	50.0	2012
8.4	展翅高飞	法国	50.0	2000
7.5	老梦前行	法国	50.0	2001
8.4	小宠物	法国	50.0	1934
5.6	Tsume	法国	50.0	2013
7.4	夜审	法国	51.0	1981
7.3	莱昂莫汉神父	法国	51.0	1991
6.7	寻找霍腾瑟	法国	51.0	2012
6.8	小岛上的决斗	法国	51.0	1962
7.4	家庭闯入鸟	法国	51.0	2015
7.1	草地上的午餐	法国	51.0	1959
5.5	幼鲨	法国	51.0	2005
6.6	皇冠上的珍珠	法国	51.0	1937
6.9	无影无踪	法国	51.0	1997
7.0	贝尔特・莫里索	法国	51.0	2012
4.3	祖儿在旧金山	法国	51.0	1998
6.7	Illusions fantasmagoriques	法国	51.0	1898
6.4	男人最痛	法国	51.0	1994
6.7	沉寂之声	法国	51.0	2009
6.5	谁杀死了班比	法国	51.0	2003
6.9	冰川寻谜	法国	51.0	2004
8.1	看海的独眼巨人	法国	52.0	1999
7.8	艾丽斯的镜子	法国	52.0	2002
8.5	马路上的玛侬	法国	52.0	2007
5.8	事出意外	法国	52.0	2015
5.8	上校洗澡	法国	52.0	1902
6.8	已经死去	法国	52.0	1998
6.3	魔鬼撒旦的宝藏	法国	52.0	1902
7.5	高举的双手	法国	52.0	2010
6.8	乘客	法国	52.0	1999
6.3	瓜德利尔舞	法国	52.0	1938
6.6	北京会	法国	52.0	1986
6.7	我的名字是 ...	法国	52.0	2012
7.5	关于在短时间内的某几个人的经过	法国	53.0	1959
6.8	晚礼服	法国	53.0	1986
6.4	跳舞的侏儒	法国	53.0	1902
6.7	欲罢还休	法国	53.0	2014
6.6	被施了魔法的水井	法国	54.0	1903
7.5	救命！	法国	54.0	1924
5.4	请勿打扰	法国	54.0	2012
4.8	艾曼纽6	法国	54.0	1988
6.4	梵高	法国	54.0	1966
7.3	可怕的土耳其刽子手	法国	54.0	1904
6.2	醋劲小鸡	法国	54.0	1985
7.1	赤焰顶峰	法国	55.0	2006
3.3	流行病毒之日	法国	55.0	2009
7.0	当我返老还童	法国	55.0	2012
6.4	蹂躏与报复	法国	55.0	1996
8.1	狗的对话	法国	55.0	1977
8.9	洪水中的鼓手	法国	55.0	2003
4.5	欲海情鸳	法国	55.0	2005
7.7	Une mission éphémère (TV)	法国	55.0	1993
7.5	妖魔鬼怪	法国	55.0	2015
6.3	Fol Amor	法国	55.0	2014
8.5	初次的旅行	法国	56.0	2007
7.6	隐秘的恋情	法国	56.0	2013
6.6	一男一女	法国	56.0	2015
7.9	好女向前行	法国	56.0	2001
6.9	高老头	法国	56.0	1972
6.9	奥玛杀了我	法国	56.0	2011
6.9	最佳露营地	法国	56.0	1965
6.6	人们需要恶棍	法国	56.0	1934
7.5	谨慎的女人	法国	56.0	1990
5.4	德雷福斯事件之四：德雷福斯在狱中	法国	56.0	1899
7.5	如何治疗害羞症	法国	57.0	1978
6.6	为萨德疾呼	法国	57.0	1952
6.4	边缘	法国	57.0	2010
6.3	许愿瓶	法国	57.0	1995
8.0	Tragédies minuscules	法国	57.0	1999
6.9	强力胶	法国	57.0	1907
6.9	伊娃和里昂	法国	57.0	2015
6.5	杜普博士的疯狂	法国	57.0	1915
4.9	顽抗木乃伊	法国	57.0	1900
7.1	网络情缘	法国	57.0	2005
6.6	南雄的妻子	法国	57.0	1989
5.9	La chaise à porteur enchantée	法国	57.0	1905
7.0	迷乱	法国	57.0	1986
6.5	人类最好的朋友	法国	57.0	2010
6.3	L'Illusioniste double et la tête vivante	法国	58.0	1900
6.8	她在威尼斯时的名字在荒凉的加尔各答	法国	58.0	1976
5.8	守口如瓶	法国	58.0	1999
7.3	吉妮	法国	58.0	1961
6.7	倒数第二	法国	58.0	1981
5.1	A片三贱客	法国	58.0	2012
7.8	高级美容院	法国	58.0	2004
7.0	阴沉	法国	58.0	1998
7.1	跟我说说雨	法国	58.0	2008
7.1	N.已经掷出骰子	法国	58.0	1971
4.9	性罪犯	法国	58.0	2006
7.2	不可能的平衡	法国	58.0	1902
7.2	混蛋，我们爱你	法国	58.0	2014
7.1	16点19分的火车	法国	59.0	2003
6.8	1	法国	59.0	1993
9.0	Emilie Muller	法国	59.0	1994
8.6	养老金	法国	59.0	1972
7.0	浮士德在地狱	法国	59.0	1903
7.1	我们相爱	法国	59.0	2006
5.7	波巴斯基的毛象	法国	59.0	2006
6.6	冲击	法国	59.0	1982
6.4	说给上帝听	法国	59.0	2010
6.6	终极呆瓜警探	法国	60.0	2001
7.5	欢迎来到霍克斯福德	法国	60.0	2011
7.5	人类飞	法国	60.0	1902
6.6	不要来打扰我	法国	60.0	2014
7.4	七月的约会	法国	60.0	1949
6.4	爱德华七世的加冕	法国	60.0	1902
7.6	法兰西	法国	60.0	2007
7.2	挂历女郎	法国	60.0	2002
6.6	结婚	法国	60.0	2004
7.2	塞扎里	法国	60.0	1978
7.0	野心勃勃	法国	60.0	2006
7.1	图瓦纳	法国	60.0	2007
6.7	回娘家	法国	60.0	2016
7.0	欲望	法国	61.0	1937
6.3	故事的结局	法国	61.0	2013
8.8	Fenêtre sur couple	法国	61.0	2003
7.6	艳阳假期2	法国	61.0	1979
6.3	o的房子	法国	61.0	1901
6.5	艳阳假期：永恒的朋友	法国	61.0	2006
7.5	骗局	法国	61.0	2005
6.1	德雷福斯事件之九：舆论之战	法国	61.0	1899
8.0	马里尤斯和雅耐特	法国	61.0	1997
6.0	Le Chapeau à surprises	法国	61.0	1901
7.1	站街女	法国	62.0	2016
6.6	疲劳的人	法国	62.0	1958
6.2	巫师，王子和仙女	法国	62.0	1900
6.4	下次，我会瞄准心脏	法国	62.0	2014
6.9	湖泊	法国	62.0	2008
6.6	Parigot	法国	62.0	2010
5.0	混双	法国	62.0	2012
7.9	龙珠Z：人类陨落之意	法国	62.0	2015
6.8	汤姆猫	法国	62.0	2002
7.0	卢浮魅影	法国	62.0	1927
7.0	留下还是离开	法国	62.0	2005
6.4	科努瓦耶	法国	62.0	2012
4.9	艾曼纽7：爱的真谛	法国	63.0	1994
6.8	红光	法国	63.0	2004
7.3	吻我	法国	63.0	1989
7.5	不再着迷	法国	63.0	1990
6.6	曾经和永远	法国	63.0	2015
7.4	坏小子迪德夫电影版	法国	63.0	2011
7.2	内心戏中戏	法国	63.0	2003
6.7	女儿，你别去跳舞	法国	63.0	2009
7.0	出口	法国	63.0	2000
6.3	包法利夫人	法国	63.0	1933
6.5	希望	法国	63.0	2014
7.9	莉坦	法国	63.0	1982
6.8	天堂	法国	63.0	2014
6.9	美妙至极	法国	63.0	2001
7.7	恐惧之城	法国	64.0	1994
5.0	内鬼	法国	64.0	2007
5.6	艾曼妞：欲望之都	法国	64.0	1994
6.7	公主梦	法国	64.0	1900
6.9	圣诞之梦	法国	64.0	1900
8.1	科莱特，一个自由的女子	法国	64.0	2004
6.3	千里姻缘狗儿牵	法国	64.0	2007
6.0	心灵映射投影术	法国	64.0	1908
7.9	幽谷百合	法国	64.0	1970
7.0	帝国	法国	64.0	2005
7.0	玩转好莱坞	法国	64.0	2011
7.5	窃金者	法国	64.0	1984
5.6	桶里的8个女孩	法国	64.0	1900
5.9	德雷福斯事件之五：亨利上校自杀	法国	65.0	1899
7.0	给世界的八段乐章	法国	65.0	2008
6.9	十字路口的夜晚	法国	65.0	1932
7.4	浪子	法国	65.0	1980
6.2	性感男孩	法国	65.0	2001
7.5	皇牌杂差3	法国	65.0	2003
5.9	医生和猴子	法国	65.0	1900
8.7	佩里亚斯与梅丽桑德	法国	66.0	1992
5.4	魔鬼挽歌	法国	66.0	1971
8.0	威尼斯之旅	法国	66.0	1986
6.6	服务生的幻想	法国	66.0	1910
8.3	气球漫游记	法国	66.0	1960
8.0	军官室	法国	66.0	2001
5.5	德雷福斯事件之七：德雷福斯见到妻子	法国	67.0	1899
6.6	假面舞会	法国	67.0	1987
6.3	悔恨	法国	67.0	2009
6.9	玫瑰信贷	法国	67.0	2010
6.2	我的恋恋8季	法国	67.0	2005
7.0	草鳏夫的麻烦	法国	67.0	1912
7.3	生命之悦	法国	68.0	1934
5.8	另一个人	法国	68.0	2008
7.5	伟大的精神	法国	68.0	2017
6.4	找一只邱比特的箭	法国	68.0	1998
7.0	与帕蒂的二十一夜	法国	68.0	2015
7.0	梅耶林	法国	68.0	1936
5.2	艾曼纽5：梦想时刻	法国	68.0	1994
6.2	德雷福斯事件之八：行刺马特雷・洛博里	法国	68.0	1899
7.4	凡尔赛	法国	68.0	2008
6.2	都市丛林	法国	68.0	2010
5.9	学士学位的天堂	法国	68.0	1901
6.5	我唾弃你们的坟墓	法国	69.0	1959
6.7	苏菲的不幸	法国	69.0	2016
7.1	La Lanterne magique	法国	69.0	1903
7.0	恶作剧老妈	法国	69.0	2009
6.9	Tom Whisky ou L'illusioniste toqué	法国	69.0	1900
6.7	炙手可热	法国	69.0	2010
7.4	马里乌斯	法国	69.0	1931
7.0	陷入麻烦的女人	法国	69.0	2001
7.6	在小人国的巨人格列佛	法国	69.0	1902
6.0	我们疯狂的年代	法国	69.0	2017
7.5	这就是生活	法国	69.0	1990
7.4	圣女泰蕾丝	法国	69.0	1986
6.9	厨师的报复	法国	69.0	1900
6.3	要爸还是妈2	法国	69.0	2016
4.7	祖儿在莫斯科	法国	69.0	1995
7.3	舞蹈课	法国	69.0	2006
6.7	舞会上的小提琴	法国	69.0	1974
6.6	魔法书	法国	69.0	1900
6.2	魔鬼和雕像	法国	69.0	1902
7.1	我妻子的罗曼史	法国	70.0	2011
6.0	坏种	法国	70.0	1934
7.9	旅行的邀请	法国	70.0	1927
5.6	德雷福斯事件之六：德雷福斯在基伯龙登陆	法国	70.0	1899
8.3	父子恶魔大对决	法国	71.0	1986
7.1	魔术师的神秘洞穴	法国	71.0	1901
6.7	Spiritisme abracadabrant	法国	71.0	1900
6.0	温柔情人	法国	71.0	2002
7.1	总统与奶牛	法国	71.0	2000
7.1	解药	法国	71.0	2005
6.0	最新协议	法国	71.0	2008
6.6	马克思和莱昂的疯狂故事	法国	71.0	2016
5.8	城郊的另一边	法国	71.0	2012
6.7	我的朋友，我的爱	法国	72.0	2008
6.9	最后的疾风之塞	法国	72.0	1981
7.1	去往蒙特卡罗	法国	72.0	1951
7.2	咱的女人	法国	72.0	2015
5.7	时光穿梭	法国	72.0	2001
6.8	倩女幽魂	法国	72.0	2002
9.6	l'autre c'est moi	法国	72.0	2005
6.1	爱丽丝的冒险旅行	法国	72.0	2014
5.6	蒙面水手	法国	72.0	2011
6.8	神奇的扇子	法国	72.0	1904
6.4	非常非常美丽的爱情故事	法国	72.0	2010
8.6	跳舞的牧羊女	法国	72.0	1992
6.5	玛丽为了回忆	法国	72.0	1967
5.3	特莉丝塔那	法国	72.0	2003
7.3	十三之暗恋	法国	73.0	2008
6.6	婆罗门和蝴蝶	法国	73.0	1901
8.3	卡洛琳	法国	73.0	1951
6.6	金甲虫	法国	73.0	1907
7.1	肥猫大战三小强：电影版	法国	73.0	2013
6.8	内部敌人	法国	73.0	2016
6.7	单身男女日记	法国	73.0	2006
6.7	侏儒和巨人	法国	73.0	1901
7.5	幸运卢克之达尔顿的遗产	法国	73.0	1978
6.9	吃饭难上加难	法国	73.0	1900
6.8	他母亲的眼睛	法国	73.0	2011
6.7	紫外线	法国	74.0	2007
5.9	环法	法国	74.0	2016
5.9	诀别之恋	法国	74.0	2012
6.7	吕克夫妇	法国	74.0	2008
8.3	神学院	法国	74.0	1983
6.8	布兰琪	法国	74.0	1972
6.2	拳击	法国	74.0	1910
6.6	情狱	法国	74.0	2014
7.0	毫无意义	法国	74.0	2010
6.5	我的那份蛋糕	法国	74.0	2011
7.8	Replay	法国	74.0	2012
6.1	孤女	法国	75.0	2016
6.4	杰罗尼莫	法国	75.0	2014
6.5	高速爱恋火	法国	75.0	1996
8.3	真爱百分百	法国	75.0	2018
8.2	海军毛衣	法国	75.0	1984
6.5	甘蓝仙子	法国	75.0	1896
5.4	为什么是我的儿子？	法国	75.0	2015
6.1	厨师有麻烦	法国	75.0	1904
7.2	黑蝴蝶	法国	75.0	2008
7.6	朋友的爱	法国	75.0	2009
5.4	如何诱奸一个处女	法国	75.0	1974
5.2	法国性奴	法国	75.0	2003
5.2	艾曼纽6：最后放纵	法国	75.0	1994
7.2	同死者谈判	法国	76.0	1994
8.4	可怜驼背人的传奇	法国	76.0	1982
7.5	死者的生活	法国	76.0	1991
5.5	当机立断	法国	76.0	2016
6.4	逃亡	法国	76.0	2013
7.0	树顶上的天堂	法国	76.0	2015
4.6	裸露脊背	法国	76.0	2006
7.1	人肉水泵	法国	76.0	1901
7.1	亲如手足	法国	76.0	2012
7.8	开战	法国	76.0	2018
4.8	上海丽人	法国	77.0	2011
6.8	激情佳人	法国	77.0	1993
8.2	爱神历险	法国	77.0	1977
7.2	法国兔兵	法国	77.0	2016
7.8	风葬的童年	法国	77.0	2006
7.2	非凡的幻觉	法国	77.0	1901
7.3	分离批判	法国	78.0	1961
5.6	鸦片	法国	78.0	2013
7.3	人类动物园	法国	78.0	2009
6.4	我们的故事	法国	78.0	1984
7.8	风暴	法国	78.0	1947
7.4	我们的快乐时光	法国	78.0	2006
7.9	美人与巫师	法国	78.0	1992
6.6	无政府主义者	法国	78.0	2015
7.0	Le Portrait mystérieux	法国	79.0	1899
6.9	在你之后	法国	79.0	2003
7.2	深水	法国	79.0	1981
6.0	公共事务	法国	79.0	1934
6.7	杀戮奠边府	法国	79.0	1992
6.8	俄狄浦斯N+1	法国	79.0	2003
7.7	横渡大西洋	法国	79.0	1978
7.3	突然之间 我好想大家	法国	79.0	2010
6.3	阻止我	法国	80.0	2013
7.1	焦虑的实验室	法国	80.0	1971
6.3	派对女孩	法国	80.0	2014
4.7	好孩子用套套	法国	80.0	1998
7.6	一袋弹子	法国	80.0	1975
7.3	被侮辱与被迫害的人	法国	80.0	1952
7.4	神秘骑士	法国	80.0	1899
7.6	Carn	法国	80.0	2015
7.2	劳斯一家	法国	81.0	2003
8.0	疯狂的爱情	法国	81.0	1969
6.3	非常非常大公司	法国	81.0	2008
6.8	裸体机密	法国	81.0	2000
7.6	皇牌杂差	法国	82.0	1984
6.0	咸牛肉行动	法国	82.0	1991
4.8	布伦的地下情人	法国	82.0	1974
6.9	海牙	法国	82.0	1947
6.8	血肉	法国	82.0	2005
6.3	博物馆喜剧	法国	82.0	2008
6.9	天上掉下个天使	法国	82.0	1999
6.3	自卫	法国	83.0	2009
4.9	绝配战警2	法国	83.0	2007
7.9	圣女贞德：监狱篇	法国	83.0	1994
6.2	我的小情人克莱蒙	法国	83.0	2001
6.6	这份爱	法国	83.0	2001
6.8	像夏天一样寒冷	法国	83.0	2002
5.7	我要	法国	83.0	1978
7.4	自由先生	法国	83.0	1969
7.3	小罪犯	法国	83.0	1990
6.6	她	法国	83.0	1899
5.3	残肢情狂	法国	83.0	2008
7.0	露营	法国	83.0	2006
7.1	第二号	法国	83.0	1975
8.0	轻举妄动	法国	84.0	1979
6.4	有情饮水饱	法国	84.0	2010
5.9	一个朋友	法国	84.0	2015
7.3	神风	法国	84.0	1986
6.7	好孩子坏孩子	法国	84.0	2008
7.9	利力姆	法国	84.0	1934
7.3	巴黎・上海	法国	85.0	2011
6.9	安娜女士	法国	85.0	2007
6.7	查尔斯顿	法国	85.0	1927
6.5	天使的印记	法国	85.0	2008
6.9	特别押送	法国	85.0	1999
6.7	调查犯罪是我们的职业	法国	85.0	2008
6.3	爱本多磨	法国	85.0	2014
6.7	没有武器，仇恨，和暴力	法国	85.0	2008
6.4	真的不骗你3	法国	85.0	2012
7.0	可怕的父母	法国	86.0	1948
4.6	阴影村	法国	86.0	2010
6.7	神秘的曲颈甑	法国	86.0	1906
7.5	她在阳光下度过的岁月	法国	86.0	1985
6.4	情欲灼身	法国	86.0	1995
5.9	爱情的羁绊	法国	86.0	2005
6.6	红裙子	法国	86.0	1987
6.6	快活的周日	法国	86.0	1935
7.2	圣女贞德：战争篇	法国	87.0	1994
7.0	Guillaume Tell et le clown	法国	87.0	1898
6.8	魔鬼庄园	法国	87.0	1896
5.6	电击超人	法国	88.0	2011
7.4	明天属于我们	法国	88.0	2003
5.4	我和男友的三个前妻	法国	88.0	2011
7.3	水中女神	法国	88.0	2008
7.8	逃兵	法国	88.0	1962
7.8	闩	法国	88.0	1984
5.3	血唇	法国	88.0	1975
6.0	抢劫梦想终成真	法国	88.0	2016
7.3	处女的床	法国	88.0	1969
6.5	天使的游戏	法国	89.0	1964
6.5	红背艺术家	法国	89.0	2014
6.9	一身二体	法国	89.0	2008
6.1	其父其女	法国	89.0	2007
6.1	都市仲夏夜	法国	89.0	1990
6.7	失序年代	法国	89.0	2001
8.3	人类三部曲之一：巴黎人	法国	89.0	2004
8.3	狐狸的故事	法国	89.0	1930
6.4	吸血鬼的强暴	法国	90.0	1968
4.6	金丝猫	法国	90.0	2001
6.6	史上最伟大的爱	法国	90.0	1977
7.1	城堡之恋	法国	90.0	1966
8.0	缱绻少年人	法国	90.0	1980
8.1	魔鬼的恶作剧	法国	90.0	1906
7.4	夜船	法国	90.0	1979
6.2	未被察觉	法国	90.0	2011
6.5	遗产	法国	90.0	2007
6.2	德雷福斯事件	法国	90.0	1899
6.2	冰块的声音	法国	91.0	2010
7.0	1890年的契诃夫	法国	91.0	2015
8.2	出局：禁止接触	法国	91.0	1971
7.7	爱的勇气	法国	91.0	2005
7.3	伯尼	法国	91.0	1996
6.2	迪斯科	法国	92.0	2008
8.4	信的影像	法国	92.0	2014
6.8	我的偶像	法国	92.0	2002
6.4	红房旅馆	法国	92.0	2007
6.9	隐姓埋名	法国	92.0	2009
7.1	爱丽莎的情人	法国	93.0	1995
7.1	交叉点	法国	93.0	2013
6.2	贩毒五壮士	法国	93.0	2016
7.3	吃快餐的小孩	法国	93.0	1897
4.8	绝配战警	法国	93.0	2003
6.7	玛丽・弗朗辛	法国	93.0	2017
7.6	我们仨	法国	93.0	2015
5.2	伊娃	法国	94.0	2018
6.6	面条	法国	94.0	2004
7.0	卡罗尔・马蒂厄	法国	94.0	2016
7.1	决斗	法国	94.0	1976
6.8	对运动的研究	法国	94.0	1928
6.3	奥迪勒与米歇尔	法国	94.0	2015
4.1	掳奸	法国	94.0	2011
6.3	真爱无价	法国	94.0	2007
7.7	稚子骄阳	法国	94.0	1999
6.2	我当歌手的日子	法国	94.0	2006
7.5	无罪可赦	法国	95.0	2015
5.4	云杜娘	法国	95.0	1984
6.6	走投无路	法国	95.0	1959
7.1	大角色	法国	95.0	2004
7.7	该理念	法国	95.0	1932
6.9	侠盗姑妈	法国	96.0	1998
6.9	穿衣难	法国	96.0	1900
4.7	祖儿在香港	法国	96.0	1998
7.2	非诚勿扰	法国	96.0	2015
8.2	直到永远	法国	96.0	2005
5.8	远西	法国	96.0	2003
5.8	每一个夜晚	法国	96.0	2006
7.1	武器的选择	法国	97.0	1981
7.4	奇情探戈	法国	97.0	2005
8.9	阿尼巴尔	法国	98.0	2000
6.9	尼娜之家	法国	98.0	2005
7.8	德国玖零	法国	98.0	1991
7.9	木十字架	法国	98.0	1932
7.3	自由，夜	法国	99.0	1984
7.4	双头鹰之死	法国	99.0	1948
7.6	睡觉难	法国	99.0	1900
7.5	暇碌情人	法国	99.0	2001
7.4	慰藉之心	法国	99.0	1973
7.7	吉吉小姐和蒙巴纳斯人	法国	100.0	2013
5.9	以东箱	法国	100.0	2008
6.2	不眠夜	法国	100.0	2011
6.9	法国教父	法国	100.0	2005
7.1	十字修女会站台	法国	101.0	2012
6.6	Le cake-walk infernal	法国	101.0	1903
6.7	血肉之亲	法国	101.0	2014
5.5	喝咖啡	法国	101.0	1986
6.5	年轻诗人	法国	101.0	2014
6.5	同性恋父母	法国	101.0	2001
7.3	刑事法庭	法国	102.0	1950
8.0	大道	法国	102.0	1987
8.7	伟大的梅里爱	法国	102.0	1952
7.5	小螃蟹大革命	法国	102.0	2004
7.1	桥	法国	102.0	1999
7.1	圣马塞尔的流浪汉	法国	102.0	2013
7.5	回吻	法国	102.0	1989
7.6	文艺复兴	法国	102.0	1963
7.1	来临的一天	法国	103.0	2011
8.1	替身演员	法国	103.0	1977
7.2	继承者	法国	103.0	2014
6.4	永远的夏洛特	法国	103.0	1986
6.5	城里的房间	法国	104.0	1982
7.4	无情的女人	法国	104.0	1924
6.9	法国制造	法国	104.0	2015
6.2	以胖为美	法国	104.0	2012
7.0	新生活	法国	105.0	2002
6.8	爱情观	法国	105.0	2010
5.2	一支烟	法国	106.0	2011
6.9	我家来了个小房客	法国	106.0	2016
5.9	妓院一夜	法国	106.0	2000
6.9	诡计多端的赌徒的天堂	法国	106.0	1905
6.6	血缘关系	法国	107.0	2008
7.9	树上的孩子	法国	107.0	2009
7.2	圣诞蛋糕	法国	107.0	1999
8.7	La vie en rose	法国	107.0	1948
7.4	阿拉丁与神灯	法国	107.0	1906
7.5	分居	法国	107.0	1994
5.4	艾曼妞 4	法国	107.0	1984
6.5	娼街	法国	108.0	1976
7.5	高卢勇士救英国	法国	108.0	1986
6.7	老爸上门	法国	108.0	2012
7.2	别忘记你将死	法国	108.0	1995
6.0	偷心	法国	109.0	1997
7.3	天鹅之歌	法国	109.0	2011
7.1	主人的手	法国	110.0	2008
5.6	巴黎浪漫旅程	法国	110.0	2015
7.0	牛仔们	法国	110.0	2015
7.4	美国回老家	法国	110.0	1994
8.1	冷暖人生	法国	110.0	2000
8.0	转动的桌子	法国	110.0	1988
8.1	我的爸爸是英雄	法国	110.0	1991
6.9	接班人	法国	110.0	1997
6.4	入侵者	法国	110.0	2004
6.9	不赞成不反对	法国	110.0	2002
6.8	菲力斯与罗拉	法国	110.0	2001
6.6	约翰传	法国	110.0	1976
7.3	俘虏	法国	111.0	1988
7.9	明信片	法国	111.0	2009
6.6	渴求甘露	法国	111.0	2004
7.7	爱国者	法国	111.0	1994
8.4	我二十岁的时候	法国	111.0	2004
6.9	情感	法国	111.0	2003
7.3	寻宝	法国	111.0	1968
5.5	大借口	法国	112.0	2008
6.8	五克拉的爱情	法国	112.0	1998
7.0	众目睽睽	法国	112.0	2012
7.0	娜妲莉・葛兰吉	法国	112.0	1972
7.4	黏土	法国	112.0	2012
7.4	童年的稻田	法国	112.0	2010
7.0	女修道院里的魔鬼	法国	113.0	1899
8.3	两个人的法拉利	法国	113.0	2002
7.2	犯罪现场	法国	114.0	1986
6.5	布尔和比利	法国	114.0	2013
5.8	华沙女公爵	法国	114.0	2014
7.1	深入敌后搞搞震3	法国	114.0	1977
7.0	她爱他	法国	114.0	2014
6.5	融雪	法国	114.0	2009
7.4	头发	法国	114.0	2010
7.4	反面的世界	法国	115.0	2012
6.2	变形记	法国	115.0	2014
7.8	宇航员	法国	115.0	1959
5.5	双孕	法国	115.0	2017
7.5	列车	法国	115.0	1992
7.1	羊脂球	法国	116.0	1945
6.7	被困在外	法国	116.0	2006
7.5	四十岁的高中生	法国	116.0	2006
6.5	为了警察那张皮	法国	116.0	1981
7.3	庭院情缘	法国	116.0	2014
8.0	战火浮生录	法国	116.0	1981
7.5	Nouvelles luttes extravagantes	法国	117.0	1900
5.1	纽约地狱	法国	117.0	1978
6.9	Le papier protée	法国	117.0	1896
3.9	华丽梦魇	法国	117.0	2006
6.7	乘火车抵达艾克斯莱班	法国	117.0	1898
6.5	真爱之路	法国	117.0	2001
6.5	冬季之前	法国	117.0	2013
7.6	毒药	法国	118.0	1951
7.2	国庆之女	法国	118.0	2013
6.2	加大号床	法国	119.0	2007
7.3	犯罪故事	法国	119.0	1901
6.9	一生在等着你	法国	119.0	2004
7.0	圣安东尼的诱惑	法国	119.0	1898
7.4	残酷的游戏	法国	119.0	1983
7.0	生活属于我们	法国	119.0	2005
7.6	探戈	法国	120.0	1993
8.1	求爱者	法国	120.0	1962
8.1	绕行	法国	120.0	2017
7.3	鱼类的起源	法国	121.0	2013
7.9	我嫁了个影子	法国	121.0	1983
7.5	克拉拉和我	法国	122.0	2004
4.4	睡美人	法国	122.0	2016
7.5	只是人生	法国	122.0	1989
7.4	母狗的故事	法国	123.0	2010
7.3	难为了爸爸	法国	123.0	1995
6.9	海湾别墅	法国	123.0	2017
7.1	谎言与背叛	法国	123.0	2004
7.8	灯塔蟹	法国	123.0	2016
5.7	鬼魂	法国	123.0	2004
6.6	孕期日记	法国	123.0	2016
6.9	潜水员在“缅因号”残骸上工作	法国	124.0	1898
7.3	我们结婚吧	法国	124.0	2000
8.1	朝圣之路	法国	124.0	2005
6.3	最后一次接触	法国	124.0	1984
6.1	花样年华	法国	124.0	1995
5.7	老师们2	法国	124.0	2015
7.4	一个随心所欲的女人	法国	125.0	1999
7.9	危险青年	法国	125.0	1994
5.9	反复无常	法国	125.0	2015
7.5	圣女贞德	法国	125.0	1900
5.0	祖儿在非洲	法国	125.0	1992
6.9	猴子的牙齿	法国	125.0	1960
5.5	驱魔人	法国	125.0	1974
5.9	午夜开放	法国	126.0	2016
7.1	我心跳动	法国	126.0	2012
6.7	淫欲的代价	法国	126.0	1999
6.8	换帽子	法国	126.0	1895
7.3	金发男郎	法国	126.0	1974
7.4	魔术师	法国	126.0	1898
5.8	结婚七年	法国	126.0	2003
6.5	最后一颗钻石	法国	127.0	2014
7.5	帕拉迪姆大巴	法国	127.0	2010
7.1	蚂蚁	法国	127.0	1999
8.6	我控诉	法国	127.0	1919
7.7	水姑娘	法国	127.0	1925
7.3	Exode	法国	127.0	2014
7.2	梦想起飞的季节	法国	127.0	2001
7.9	此处禁止溺水	法国	128.0	2016
7.0	娜娜	法国	128.0	1926
6.3	狂人皮埃洛	法国	128.0	1990
6.9	迪奥	法国	128.0	2011
6.7	警官的诺言	法国	128.0	1985
7.7	欢喜大逃亡	法国	128.0	1978
7.4	世纪末的印象主义者	法国	128.0	1899
7.4	高卢勇士斗凯撒	法国	128.0	1985
6.7	独一无二的女孩们	法国	129.0	2003
7.0	在你身边	法国	129.0	2010
7.4	八十年代的巨星	法国	129.0	2012
7.2	魔砖	法国	129.0	1908
7.2	侍读女郎	法国	129.0	1988
8.2	征服极地	法国	129.0	1912
6.4	永远的牛仔	法国	130.0	2006
6.1	美丽东西	法国	130.0	2001
7.0	天空实验室	法国	130.0	2011
6.8	城堡中的医生	法国	131.0	1908
7.4	女学生和亨利先生	法国	131.0	2015
6.6	岁月无情	法国	131.0	2004
7.1	在加莱与多佛之间	法国	132.0	1897
6.5	挑情尤物	法国	132.0	1970
7.8	所有的太阳	法国	132.0	2011
7.8	金发大个子	法国	132.0	1972
5.6	卡地亚 - 爱情天注定	法国	132.0	2012
6.5	幽情秘恋	法国	133.0	2000
6.5	纳米比亚沙漠	法国	133.0	2006
6.3	意大利城堡	法国	133.0	2013
6.5	俄国革命	法国	133.0	1906
6.9	宅男小镇	法国	133.0	2011
7.9	卢瓦河谷的木鞋匠	法国	133.0	1956
7.4	马里尤斯	法国	134.0	2013
7.1	炼狱熔炉	法国	134.0	1903
8.0	我是一个黑人	法国	134.0	1958
7.2	马赛曲	法国	134.0	1938
6.7	土拿维斯城的弃降	法国	134.0	1897
7.0	铁路战斗队	法国	135.0	1946
7.7	毁灭的历程	法国	135.0	1964
5.8	可可	法国	135.0	2009
8.1	麻烦先生	法国	135.0	2008
6.7	女演员舞会	法国	135.0	2009
6.1	运钞车	法国	136.0	2004
7.2	鸭蹼	法国	136.0	2012
5.5	蝎子拳王	法国	136.0	2007
8.1	男人女人：恋爱手册	法国	136.0	1996
6.9	公主和妓女	法国	136.0	1996
7.7	红手古比	法国	136.0	1943
7.3	美人鱼	法国	137.0	1904
6.9	怪物	法国	137.0	1903
6.7	当爱变成习惯	法国	138.0	2002
7.1	我俩的世界	法国	138.0	2008
6.7	我的朋友拉奇德	法国	138.0	1997
7.5	否决之手	法国	138.0	1978
6.2	布杜	法国	138.0	2005
8.1	乡村星期天	法国	138.0	1984
7.3	碰上爱情	法国	138.0	2005
6.9	愿你被爱	法国	139.0	2015
7.8	爱上岳母大人	法国	139.0	1999
6.1	姜戈	法国	139.0	2017
7.6	没有怜悯的世界	法国	139.0	1989
8.0	三面镜	法国	139.0	1927
8.5	蒙多	法国	139.0	1995
6.4	舞会之后	法国	139.0	1897
6.7	电台明星	法国	139.0	2012
7.7	我是一只鹳	法国	140.0	1999
6.7	重返17岁	法国	140.0	2015
5.8	露点的诱惑	法国	140.0	2004
5.4	菩提树下死	法国	140.0	1978
6.6	爱之岛	法国	140.0	1968
7.4	卖火柴的小女孩	法国	140.0	1928
5.7	床上的维多利亚	法国	140.0	2016
6.5	结束后的开始	法国	141.0	2010
7.5	时间不停留	法国	141.0	2011
6.8	冰上青春日记	法国	141.0	2002
6.1	两个朋友	法国	142.0	2015
7.1	自动搬家公司	法国	142.0	1910
6.6	查泰莱夫人的情人	法国	142.0	1955
8.2	蕾阿的两个家	法国	142.0	2009
6.7	不知从何处来的女孩	法国	143.0	2012
7.6	恶警蛋碎：第一章	法国	143.0	2012
6.9	小心左边	法国	143.0	1936
7.9	小小士兵	法国	144.0	1947
7.3	琪琪	法国	144.0	2006
6.6	法姐之战	法国	144.0	2008
7.2	家庭气氛	法国	145.0	1996
7.2	失位	法国	145.0	1961
6.2	艺术家夫妇	法国	145.0	1970
7.6	约会	法国	145.0	1976
7.5	无尽的等待	法国	146.0	2000
6.9	美国旅馆	法国	146.0	1981
6.0	狂爱仪式	法国	146.0	1987
7.2	惊马	法国	147.0	1907
7.3	向萨拉热沃致敬	法国	147.0	1993
8.7	超时空魔钟	法国	147.0	1924
7.9	罗塞莉・布朗	法国	148.0	2015
6.2	性爱故事	法国	148.0	2009
8.0	小宇宙3：自然奇观	法国	148.0	2011
7.3	夫人	法国	149.0	2017
6.8	替身情缘	法国	149.0	2017
7.7	回忆好时光	法国	149.0	2001
7.6	Novecento	法国	149.0	2005
7.1	欢乐搭乘	法国	149.0	2011
7.2	辛辣糖果	法国	149.0	2005
6.0	六天六夜	法国	149.0	1994
5.3	瞳中艳阳	法国	150.0	2009
7.1	在他之后	法国	150.0	2007
5.9	笑面人	法国	150.0	2012
6.1	阿波罗	法国	150.0	2016
7.0	吉斯公爵的被刺	法国	150.0	1908
6.5	遇见一只獾	法国	151.0	2010
7.1	雪地里的魅影	法国	151.0	1998
7.0	怪物盒子	法国	151.0	2012
6.7	不存在的世界	法国	151.0	2012
6.9	禁忌之爱	法国	151.0	2002
6.5	莫欺朋友妻	法国	151.0	1983
9.5	小王子	法国	152.0	2002
7.6	芬妮	法国	152.0	2013
7.2	约普城的阿娅	法国	152.0	2013
4.4	鸡奸者	法国	153.0	1998
7.6	挚爱	法国	153.0	1969
7.0	性迷宫	法国	153.0	1999
6.1	乡村周末	法国	153.0	2007
6.8	秘密的阴谋	法国	154.0	1998
6.9	狂爱情挑	法国	154.0	1998
6.7	乡间别墅的幸福生活	法国	154.0	2006
7.5	美好的生活	法国	154.0	2014
7.6	最有希望的女演员	法国	155.0	2000
6.2	时空急转弯3	法国	155.0	2016
7.7	小女孩和她的猫	法国	155.0	1895
8.2	直捣黄龙府	法国	155.0	1964
6.7	最后的匪帮	法国	156.0	2007
6.9	一个农场姑娘的故事	法国	156.0	2007
7.3	桥上的咖啡	法国	156.0	2010
6.7	恐怖夜	法国	156.0	1896
7.7	北方旅馆	法国	157.0	1938
5.6	秩序的守护者	法国	157.0	2010
7.3	闹鬼城	法国	157.0	1897
7.1	毁灭吧，她说。	法国	157.0	1969
7.5	甜蜜的家乡	法国	158.0	2014
7.6	众道	法国	158.0	2015
7.8	千面珍宝金	法国	158.0	1988
7.6	阿里巴巴和四十大盗	法国	158.0	1902
6.2	乌托邦	法国	159.0	2012
6.8	情撼17章	法国	159.0	2002
8.2	在西伯利亚森林中	法国	159.0	2016
7.7	欢闹的海报	法国	160.0	1906
7.0	年轻女子	法国	161.0	2017
7.1	如翼之舟	法国	161.0	2015
7.3	倒立世界	法国	161.0	2012
7.7	你是谁，波莉・玛古？	法国	163.0	1966
6.0	蓝胡子	法国	163.0	2009
6.2	梦想与现实	法国	163.0	1901
6.5	我们曾深爱过的男人	法国	163.0	2014
7.9	飞逝的狮子	法国	164.0	2003
5.6	快跑惊魂	法国	164.0	2008
6.9	风流女管家	法国	165.0	2008
6.5	夜色行动	法国	165.0	2013
7.0	一夜暴富	法国	165.0	2002
7.6	IP5迷幻公路	法国	165.0	1992
6.3	牌局	法国	165.0	1896
6.0	含苞待放	法国	165.0	1988
6.9	不朽故事	法国	166.0	1968
6.8	香槟酒谋杀案	法国	168.0	2013
7.6	易尔先生	法国	168.0	1989
5.7	第二次呼吸	法国	169.0	2007
6.5	国家行政	法国	170.0	2011
6.5	巴洛可	法国	170.0	1976
6.7	北方的桥	法国	171.0	1981
8.4	金钱	法国	172.0	1928
5.9	魔鬼情人	法国	174.0	2002
6.3	情殇玫瑰园	法国	174.0	1985
7.0	阿格拉蕾	法国	174.0	2010
6.3	钟点情人	法国	174.0	1999
7.6	烧烤	法国	174.0	2014
5.5	性爱帮派	法国	174.0	2015
6.3	色魔诙谐曲	法国	174.0	1984
7.5	自动香肠店	法国	174.0	1895
6.9	《仙人掌的误会》	法国	176.0	2005
5.7	无耻婊子	法国	177.0	2011
5.9	美丽的托伦	法国	177.0	2010
7.6	卡车	法国	177.0	1977
7.9	薄荷苏打水	法国	177.0	1977
6.5	天敌	法国	178.0	2004
6.9	蓝的影子	法国	178.0	2011
7.0	奇迹之味	法国	178.0	2015
7.4	法外真情	法国	178.0	2011
7.9	灰姑娘	法国	178.0	1899
5.5	病房内垂危的女人	法国	179.0	2005
5.9	吻我！	法国	179.0	2017
9.0	大自然的翅膀	法国	179.0	2002
6.3	欲望	法国	180.0	2000
6.4	小姐ct生	法国	180.0	2013
7.3	年轻的佩雷兹	法国	180.0	2014
7.1	更衣室之旁	法国	181.0	1894
8.1	书中自有浓情意	法国	181.0	2006
7.6	很久以前	法国	182.0	2013
7.4	纪念日快乐！	法国	182.0	1962
7.2	透过钥匙孔	法国	182.0	1901
6.7	马肉	法国	183.0	1991
6.9	女孩帮	法国	184.0	2014
6.7	明日黎明	法国	185.0	2009
7.0	小手指的灵感	法国	185.0	2005
7.6	生活地图	法国	185.0	1904
7.1	一个风骚女人	法国	185.0	1955
6.8	剩女约瑟芬	法国	185.0	2013
7.1	胡子惊魂	法国	185.0	2005
6.7	爸爸先生	法国	185.0	2011
7.8	夜校	法国	186.0	1967
6.5	晚宴杀手	法国	188.0	2014
8.1	伪币制造者	法国	188.0	2010
8.3	背人的人	法国	189.0	2010
8.0	吸血鬼	法国	189.0	1915
7.7	蓝胡子	法国	189.0	1901
7.0	灰色的灵魂	法国	189.0	2005
6.8	没用的圣诞老人	法国	190.0	1982
9.1	天鹅湖	法国	190.0	2010
7.6	我是丑小鸭	法国	190.0	2004
8.0	危机密布	法国	191.0	2000
7.9	我饥肠辘辘，我寒冷难耐	法国	191.0	1984
6.8	痛苦	法国	192.0	2017
7.1	夜间来客	法国	192.0	1942
6.8	痛苦	法国	193.0	2017
7.5	搜寻	法国	193.0	2014
7.9	女教徒	法国	194.0	1966
7.6	情感罗曼诗	法国	195.0	1930
5.8	贝拉米	法国	195.0	2009
7.1	掠杀者	法国	195.0	2002
7.7	欢乐屋	法国	196.0	1964
5.9	虚假秘密	法国	197.0	2016
7.0	秘密的孩子	法国	198.0	1979
5.4	梦在水面下	法国	199.0	2008
7.5	罗莎夫人	法国	199.0	1977
7.5	巴黎墙上的猫	法国	202.0	2004
7.0	戛纳的柔肤	法国	202.0	2003
6.9	小上尉	法国	202.0	2005
8.0	单车上的阿尔西斯特	法国	203.0	2013
7.0	没有鳞片的文森特	法国	203.0	2014
7.7	纽扣战争	法国	203.0	2011
7.1	婴儿车攻略	法国	203.0	2012
7.5	我的爱情遗忘在秋天	法国	204.0	1998
6.4	豪华游轮	法国	206.0	2011
7.7	大都市	法国	207.0	2007
7.0	维罗妮卡和她的笨学生	法国	207.0	1958
7.8	末日黄昏	法国	208.0	2011
7.4	闹鬼的旅馆房间	法国	208.0	1897
7.4	田园交响乐	法国	210.0	1946
6.7	达琳达	法国	210.0	2017
7.1	真爱大逃亡	法国	210.0	1983
7.0	我和我的姐妹	法国	211.0	2004
8.3	最后一课	法国	211.0	2015
6.9	三个世界	法国	211.0	2012
8.4	铁路的白蔷薇	法国	213.0	1923
7.7	恶梦	法国	213.0	1896
7.7	日蚀	法国	213.0	1907
8.5	巴黎公社	法国	214.0	2000
8.1	高卢勇士之十二个任务	法国	214.0	1976
7.6	鼻子	法国	214.0	1963
8.2	家屋风景	法国	215.0	1984
7.4	生于68年	法国	215.0	2008
8.1	呼啸山庄	法国	215.0	1985
7.7	声音与愤怒	法国	217.0	1988
7.0	请原谅我的法文	法国	217.0	2009
6.7	在我遗忘之前	法国	218.0	2007
7.0	王佛脱险记	法国	219.0	1987
7.8	老爸的烦恼	法国	220.0	1963
7.4	我的冒牌男友	法国	221.0	2003
5.7	十字路口	法国	221.0	2008
6.2	可可巴黎-上海幻想曲	法国	221.0	2009
7.2	我再也听不见吉他声	法国	223.0	1991
7.6	爱丽丝最后的逃离	法国	223.0	1977
6.5	爱情凶手	法国	224.0	2012
6.7	离开	法国	224.0	2005
7.2	瞬间	法国	225.0	2004
7.0	女守卫们	法国	225.0	2017
5.9	极乐玩偶	法国	226.0	1982
6.8	高更：爱在他乡	法国	228.0	2017
7.2	手到擒来	法国	228.0	1995
7.6	源头	法国	228.0	2009
7.1	爱的愉悦在伊朗	法国	230.0	1976
7.9	马丁・盖尔归来	法国	230.0	1982
7.6	明眸失神	法国	230.0	2005
7.6	自制英雄	法国	230.0	1996
7.4	我，比埃尔・李维尔	法国	232.0	1976
6.6	鬼天使	法国	234.0	2004
7.7	黑色魔鬼	法国	234.0	1905
7.8	海星	法国	234.0	1928
5.2	理查德・奥的历史	法国	235.0	2007
5.8	掰了金发妞	法国	235.0	2012
6.8	我非佳人	法国	238.0	2011
8.7	仙女国	法国	238.0	1903
7.0	小情人大风波	法国	239.0	2006
7.3	敬人生	法国	239.0	2014
7.3	厂外有蓝天	法国	240.0	1997
8.5	灯塔路口	法国	240.0	1999
6.3	爱情毒药	法国	240.0	2010
7.8	佩铃宝贝	法国	241.0	1998
6.4	职业死人	法国	242.0	2013
8.2	被窃油画的假设	法国	242.0	1979
7.1	幕后激情	法国	242.0	2005
7.7	好女人们	法国	243.0	1960
7.5	棋差一招	法国	243.0	1956
9.0	吉赛尔	法国	243.0	1996
7.4	政变	法国	244.0	1981
5.3	巴黎活死人之夜	法国	244.0	2009
7.2	乡村医生	法国	244.0	2016
6.1	芭蕾公主	法国	244.0	2006
6.6	征服	法国	245.0	2011
6.9	受伤的男人	法国	245.0	1983
7.5	维奥莱特	法国	245.0	2013
6.7	全家福	法国	245.0	1988
5.7	爆菊超人冒险记	法国	245.0	2009
7.4	奥德赛	法国	246.0	2016
5.0	振动器男孩	法国	247.0	1994
7.0	高更	法国	247.0	1950
7.2	你无法选择自己的家人	法国	248.0	2011
8.0	艺术桥	法国	248.0	2004
7.6	可怜的比埃洛	法国	249.0	1892
7.8	张口结舌	法国	250.0	1974
7.4	三颗纽扣	法国	251.0	2015
7.2	杀手住在21号	法国	251.0	1942
7.8	谋杀爱美丽	法国	251.0	1998
7.4	微笑的布迪夫人	法国	251.0	1923
7.3	兰基先生的罪行	法国	254.0	1936
7.1	赤子冰心	法国	254.0	1994
6.2	大熊星座号的乘客们	法国	254.0	1943
6.2	搞怪幽灵	法国	254.0	2006
5.6	众神爱慕男人	法国	256.0	2012
6.3	豹神	法国	257.0	1996
6.1	爱情大灰狼	法国	258.0	2013
5.4	笼困	法国	258.0	2010
7.0	病友们	法国	258.0	2017
7.6	蜗牛	法国	260.0	1965
7.5	行走的最佳方式	法国	260.0	1976
7.3	生死恋	法国	261.0	1984
6.9	清朝，中国魔法师	法国	261.0	1904
6.2	急往迟返	法国	262.0	2007
6.3	后宫	法国	262.0	1985
7.2	情妇玛侬	法国	263.0	1949
5.3	爱屋及污	法国	263.0	2011
6.8	压轴好戏	法国	263.0	2008
7.3	私密	法国	264.0	2007
7.2	深入敌后搞搞震	法国	265.0	1973
6.3	11月6日	法国	265.0	2013
8.7	天使的约定	法国	266.0	2000
7.7	危情谍影	法国	266.0	1981
7.7	无声的舞者	法国	266.0	2000
7.3	魔法雪花	法国	267.0	2013
6.4	唯我独尊	法国	267.0	2008
5.9	无懈可击	法国	267.0	2016
6.0	断手谜案	法国	268.0	2008
6.3	圣爱之旅	法国	270.0	2016
7.6	贝多芬传	法国	270.0	1936
6.7	西班牙斗牛士	法国	271.0	1900
6.4	为死而生	法国	271.0	1994
6.5	逃亡大王	法国	272.0	2009
7.0	英雄归来	法国	275.0	2018
6.2	冒险	法国	276.0	2008
7.3	被分离的头颅	法国	276.0	1957
6.1	过失	法国	277.0	2014
6.5	做爱后动物感伤	法国	277.0	1997
7.2	感谢你生活	法国	277.0	1991
7.3	鸡群占领法兰西	法国	278.0	2012
3.6	死亡阴影	法国	279.0	2012
6.9	荒谬无稽	法国	280.0	1996
6.5	玩转大明星	法国	281.0	2008
6.6	照相	法国	281.0	2005
7.2	巧克力	法国	281.0	2016
6.5	廉价航空	法国	282.0	2011
6.8	足球大师	法国	282.0	2012
8.5	等你说爱我	法国	282.0	1995
5.6	煤油车	法国	283.0	1990
7.6	躲闪	法国	283.0	2003
7.5	La Ballade Sauvage	法国	284.0	1953
7.1	男人的心思	法国	285.0	2003
7.1	伊冯娜的香水	法国	286.0	1994
7.0	生命是部小说	法国	286.0	1983
7.4	喜欢，轻吻，快跑	法国	288.0	2018
6.8	你不配她	法国	288.0	1989
6.8	监狱竞技场	法国	288.0	2008
7.3	回归理性	法国	289.0	1923
7.6	伏尔泰的错误	法国	290.0	2000
7.1	路易十四的崛起	法国	291.0	1966
5.7	原子纪元	法国	291.0	2012
7.1	美运人生	法国	292.0	2010
7.4	逃犯与乞丐	法国	293.0	2012
7.4	福斯汀与美丽的夏天	法国	294.0	1972
7.5	我像疯马般行走	法国	294.0	1973
7.1	横冲直撞三兄弟	法国	294.0	1995
7.1	墨菲定律	法国	296.0	2009
5.1	马头	法国	296.0	2014
6.8	相拥一家亲	法国	296.0	2013
7.4	低下层	法国	296.0	1936
5.9	第七天堂	法国	297.0	2013
6.3	黑盒玄疑	法国	298.0	2005
7.3	挖井人的女儿	法国	298.0	2011
6.4	我的心里只有你没有他	法国	299.0	1995
7.8	管弦乐队队员	法国	299.0	1903
6.9	哈德维希	法国	299.0	2009
8.0	日本杂技	法国	299.0	1907
6.2	成人之间	法国	299.0	2006
7.1	娜内，莫扎特的姐姐	法国	301.0	2010
7.2	讷伊的母亲	法国	304.0	2009
6.6	大叔的哈雷日记	法国	304.0	2010
7.2	文森特先生	法国	305.0	1947
7.9	自由	法国	306.0	2009
6.2	最后的小红帽	法国	306.0	1996
7.7	我们等待自由	法国	306.0	1931
7.1	吉他初体验	法国	307.0	2006
6.3	午夜狂欢	法国	309.0	2013
6.6	资本之战	法国	311.0	2012
7.1	姑娘与大提琴演奏手	法国	311.0	1965
7.2	谎言的颜色	法国	311.0	1999
7.5	一见钟情	法国	312.0	1983
6.6	切肤	法国	313.0	2002
8.1	邮差学校	法国	314.0	1947
7.7	永恒青春之地	法国	315.0	2003
7.0	撒旦之外	法国	316.0	2011
8.5	五时至七时的克利奥：回忆与逸事	法国	317.0	2005
7.7	我最爱的季节	法国	317.0	1993
7.1	荒唐周五夜	法国	317.0	2002
6.8	一路顺风	法国	317.0	2003
6.6	我的小情人	法国	317.0	1974
5.1	狂怒	法国	318.0	2003
7.3	一段小历史	法国	318.0	1980
6.7	杜什一家	法国	318.0	2011
6.9	Cupidon	法国	321.0	2012
7.7	功夫大师	法国	321.0	1988
7.5	胡迪尼剧院的消失女子	法国	321.0	1896
6.2	交响班	法国	323.0	2017
6.8	另一个大仲马	法国	323.0	2010
8.8	悲惨世界	法国	324.0	1934
7.6	三个男人和一个摇篮	法国	324.0	1985
6.9	漂亮的女俘	法国	325.0	1983
7.0	欲念浮动	法国	326.0	1974
5.6	伊甸木	法国	326.0	2007
7.0	消防队员	法国	327.0	1896
7.4	尚蓬小姐	法国	328.0	2009
5.9	魔力	法国	330.0	1979
7.9	最后的尼安德特人	法国	331.0	2010
7.6	骗子的故事	法国	333.0	1936
7.6	穆府的歌剧	法国	333.0	1958
6.3	玛格丽特和朱利安	法国	336.0	2015
5.8	十七个怀孕的少女	法国	336.0	2011
7.3	犹太女人	法国	336.0	2005
7.6	冷月亮	法国	338.0	1991
6.8	苹果	法国	340.0	2010
7.0	美丽的折磨	法国	340.0	1994
7.8	巴蒂诺尔先生	法国	341.0	2002
7.6	荒山之夜	法国	342.0	1933
5.7	老鼠危机：塞纳河之乱	法国	342.0	2006
6.6	死亡之屋	法国	342.0	2007
7.3	瞬步	法国	344.0	2012
6.9	鸡尾酒派对	法国	344.0	2015
4.7	望风	法国	344.0	2012
7.5	冷餐	法国	345.0	1979
7.4	娜嘉在巴黎	法国	347.0	1964
7.5	孤身一人	法国	348.0	2013
6.8	咯咯哒	法国	348.0	2006
8.0	别烦我	法国	348.0	1926
7.4	讨我欢心	法国	348.0	2009
8.2	与我的园丁对话	法国	349.0	2007
7.4	屏住呼吸	法国	349.0	2007
8.2	悠悠	法国	349.0	1965
7.6	灵犬雪莉：冒险再出发	法国	350.0	2015
7.1	我们的无情世界	法国	351.0	2008
6.7	芭芭拉	法国	355.0	2017
7.1	大树、市长和文化馆	法国	355.0	1993
5.2	罗丹	法国	358.0	2017
6.4	少数幸运儿	法国	358.0	2010
7.5	托尼	法国	358.0	1935
6.9	终成寡妇	法国	360.0	2007
6.5	我们的时代即将来临	法国	361.0	2010
7.0	夜夜夜贼	法国	361.0	1996
6.6	伤口愈合中	法国	362.0	2004
7.0	夜夜夜贼	法国	362.0	1996
7.2	歌剧红伶	法国	363.0	1981
6.8	黑帮团伙	法国	363.0	2007
7.4	车站小说	法国	364.0	2007
6.9	欧也妮・葛朗台	法国	366.0	1994
8.3	电影史-4A 控制宇宙	法国	367.0	1998
6.9	劳拉	法国	367.0	1979
5.3	蝶蛹	法国	372.0	2007
6.8	局部动乱	法国	374.0	2009
8.2	音乐狂	法国	374.0	1900
7.2	夏洛特和她的情人	法国	374.0	1960
7.4	希望人生	法国	375.0	2002
7.2	销售员皮特	法国	375.0	2010
9.1	虚幻勇士	法国	377.0	2004
7.8	房子的房子	法国	377.0	2013
7.6	游行	法国	379.0	1974
6.3	夜行盛宴	法国	381.0	2016
8.5	电影史-4B 我们中的符号	法国	381.0	1998
7.9	玛丽和修女	法国	381.0	2014
6.4	护士娜丽	法国	383.0	2004
6.6	恶之花	法国	384.0	2003
6.6	非对称情爱	法国	384.0	1996
6.0	费加罗的婚礼	法国	385.0	2008
7.8	婚姻间奏曲	法国	386.0	2014
4.7	生死迷局	法国	387.0	2012
7.5	现代法国艳情史	法国	388.0	1996
7.6	百叶窗	法国	389.0	2006
7.7	母狗	法国	390.0	1931
7.5	我住在月球上	法国	398.0	2007
7.1	孤独二兄弟	法国	398.0	2008
7.7	英国贵妇与法国公爵	法国	399.0	2001
6.2	法国四日	法国	399.0	2016
7.3	犯罪河岸	法国	400.0	1947
7.5	独角兽U	法国	401.0	2006
6.5	水的故事	法国	403.0	1961
7.5	小农夫	法国	407.0	2017
8.1	我们是一个人	法国	408.0	1979
7.5	情寻猫脚印	法国	410.0	1996
8.1	恶魔房客	法国	410.0	1909
6.1	警察	法国	410.0	1985
5.8	超级精英	法国	412.0	2014
9.5	小提琴家的艺术之旷世通鉴	法国	413.0	1971
6.1	谁又杀了帕米拉・萝丝	法国	415.0	2012
6.4	可爱的茧	法国	416.0	2014
7.8	天色破晓	法国	417.0	1939
7.0	巧克力男孩	法国	417.0	2000
8.4	电影史-3B 新浪潮	法国	420.0	1998
7.6	死在你身边	法国	421.0	2011
8.1	科帕卡巴纳	法国	423.0	2010
7.5	天使的肌肤	法国	423.0	2002
7.9	雅各布教士历险记	法国	429.0	1973
8.6	鹰溪桥上	法国	430.0	1962
6.9	收养	法国	431.0	2011
8.2	塞琳和朱莉出航记	法国	432.0	1974
7.5	神机妙算	法国	432.0	1969
6.6	计划赶不上变化	法国	434.0	2009
5.6	浴男	法国	434.0	2010
6.8	二者必居其一	法国	435.0	1998
7.8	炸弹突然爆炸	法国	436.0	1969
8.7	你在我梦中如此长久	法国	436.0	2015
7.5	深呼吸	法国	437.0	2001
7.8	我喜欢的东西，讨厌的东西	法国	438.0	1989
6.8	美好的时光	法国	439.0	2013
7.2	单身女孩	法国	439.0	1995
8.0	森林鲁滨逊	法国	439.0	2004
7.5	大肚腩	法国	441.0	2009
6.9	宽恕与原谅	法国	442.0	2007
7.2	绝对知己	法国	444.0	2005
7.5	叽哩咕与男人和女人	法国	445.0	2012
8.3	一个顶四	法国	448.0	1898
8.0	Tim Tom	法国	450.0	2003
7.6	布杜落水遇救记	法国	450.0	1932
6.7	蛇	法国	451.0	2006
6.4	卖百科全书的女人	法国	451.0	2000
6.2	巴黎曼哈顿	法国	452.0	2012
6.6	蓝色房间	法国	452.0	2014
7.6	痴男怨女	法国	454.0	1977
7.1	双臂摇晃的人	法国	456.0	1997
8.0	周日午餐	法国	456.0	2015
5.5	坠入地狱	法国	458.0	1986
7.5	黑色小说	法国	461.0	1979
7.6	女银行家	法国	467.0	1980
8.1	回忆	法国	470.0	2015
5.9	皮层	法国	470.0	2008
6.8	打开书	法国	472.0	2005
6.5	色情电影院	法国	473.0	2002
7.8	哨兵	法国	473.0	1992
5.5	致命的邂逅	法国	475.0	2000
8.0	沉睡的巴黎	法国	478.0	1925
5.8	我的珍宝	法国	479.0	2017
6.7	地铁站的变态人格	法国	481.0	2008
7.5	百万法郎	法国	482.0	1931
7.5	末路丢失	法国	484.0	2013
7.2	贫血的电影	法国	487.0	1926
8.1	老人与小孩	法国	489.0	1967
7.2	爱情的名字	法国	490.0	2010
7.1	L3.0	法国	491.0	2014
7.5	独自站立	法国	494.0	1998
8.3	千差万错不是错	法国	495.0	1974
7.8	只想拥有你	法国	495.0	2014
7.2	徒步旅行队	法国	499.0	2009
7.0	给妹妹的情书	法国	499.0	2010
6.9	另一个人的生活	法国	499.0	2012
7.1	爱我就搭火车	法国	502.0	1998
6.7	波丽娜：舞蹈人生	法国	502.0	2016
8.6	亚瑟王传奇	法国	507.0	2016
6.2	落迫贵族	法国	509.0	2006
7.2	糟糕的时光	法国	509.0	2006
6.9	阿维达	法国	511.0	2006
6.7	迷宫城堡	法国	511.0	2004
7.0	狐狸和老鼠的故事	法国	515.0	2015
7.2	人人都说我爱你	法国	517.0	2010
7.1	夏洛和牛排	法国	519.0	1951
7.8	落在树梢	法国	520.0	1971
6.8	昂首挺胸	法国	522.0	2015
6.4	我们的天堂	法国	523.0	2010
7.7	小裁缝	法国	525.0	2010
7.5	罪恶天使	法国	526.0	1943
8.0	科学睡眠：B版	法国	527.0	2007
6.6	爱情专卖店	法国	529.0	2009
7.1	巴黎属于我们	法国	531.0	1961
8.1	四眼田鸡	法国	531.0	2010
7.2	印度之歌	法国	535.0	1975
6.3	去南方	法国	536.0	2009
7.8	Géraldine	法国	536.0	2000
8.4	拿破仑	法国	538.0	1927
6.9	情人奴奴	法国	540.0	1980
7.5	妈妈的记忆	法国	541.0	2007
5.3	狂野的爱	法国	542.0	1985
7.5	几度春风几度霜	法国	545.0	1986
6.8	莫迪斯	法国	546.0	2011
6.6	王宫风云	法国	546.0	2005
4.8	突变异种	法国	547.0	2009
7.5	内心的伤痕	法国	549.0	1972
7.3	希露	法国	550.0	2006
8.3	我将在好莱坞长眠	法国	551.0	2008
5.7	爱情战争	法国	553.0	2013
8.2	伊凡王子与百变公主	法国	554.0	2016
7.4	巴黎屋檐下	法国	554.0	1930
7.8	延续的时间	法国	556.0	2005
7.0	我爱你，我也不爱你	法国	558.0	1976
7.1	神驹贾鲁普	法国	561.0	2013
6.2	减肥时代	法国	563.0	2010
7.7	滴彩	法国	563.0	2011
7.5	他人的品味	法国	566.0	2000
7.6	波莱罗舞鼓手	法国	570.0	1992
8.6	爱的真谛	法国	573.0	2008
8.2	浓情酒乡	法国	575.0	2017
7.2	基本同意	法国	579.0	2004
6.6	这就是卡吕普索	法国	583.0	2003
7.2	爱滋味	法国	584.0	2007
7.4	1992年	法国	585.0	2016
7.4	1992年	法国	586.0	2016
7.5	梵・高	法国	588.0	1948
6.7	杀手一号	法国	590.0	2015
7.5	美国梦	法国	591.0	1988
7.4	兄兄妹妹	法国	591.0	1996
6.9	秘密	法国	593.0	2007
5.2	撒旦	法国	594.0	2006
7.7	爱德蒙曾经是头驴子	法国	595.0	2012
7.0	人人爱上我老婆	法国	596.0	2001
7.2	少女与狼	法国	596.0	2008
6.7	情妇	法国	598.0	1975
7.5	哲姆洛克	法国	599.0	1973
7.8	厄舍古厦的倒塌	法国	600.0	1928
7.1	情杀案中案	法国	600.0	1983
6.7	暴徒三兄弟	法国	600.0	2004
6.9	初恋战士	法国	600.0	2014
7.9	甘达星人	法国	602.0	1988
7.3	候鸟迷途	法国	608.0	1995
6.6	梦回玛丽莲	法国	610.0	2011
7.6	纯属巧合	法国	611.0	1988
4.5	600公斤纯金	法国	611.0	2010
8.8	苦儿流浪记	法国	613.0	2000
5.5	生死逃亡	法国	614.0	2008
7.7	伞中情	法国	623.0	1980
8.7	通烟囱工人与牧羊女	法国	623.0	1952
7.4	漂亮的塞尔吉	法国	629.0	1958
6.9	变身杀人事件	法国	630.0	2010
7.1	旅鼠	法国	631.0	2005
7.2	金盔	法国	633.0	1952
7.8	镜子	法国	634.0	2010
6.4	绘画还是做爱	法国	635.0	2005
7.7	守望者	法国	641.0	2004
8.0	夫妻市长	法国	641.0	1978
6.9	重塑马文	法国	642.0	2017
7.2	看海	法国	643.0	1997
7.3	小学生	法国	644.0	2016
6.9	爱情二人行	法国	645.0	2010
7.2	舍不得哥哥	法国	647.0	2002
7.9	轮舞	法国	652.0	1950
7.5	满足巴克	法国	654.0	2010
7.3	已婚女人	法国	654.0	1964
8.0	弱势的大多数	法国	654.0	2010
7.1	1915年的卡蜜儿	法国	660.0	2013
6.2	宇宙通行证	法国	661.0	2006
7.8	胖子与瘦子	法国	661.0	1961
6.6	摇滚学徒	法国	671.0	2017
6.9	嫉妒	法国	674.0	2013
7.8	La funambule	法国	675.0	2002
6.7	都会性男女	法国	677.0	2002
6.8	罪恶部队	法国	678.0	2009
8.6	奇幻航程	法国	682.0	1904
5.2	但丁01	法国	683.0	2008
7.0	和理发师的美好一天	法国	690.0	2004
6.4	爱之初，欲本善	法国	692.0	2004
7.3	阖家观赏	法国	693.0	2008
7.5	小兵	法国	694.0	1963
7.6	亲密的敌人	法国	694.0	2007
7.9	梦想者四夜	法国	696.0	1971
7.3	地址变更	法国	703.0	2006
7.5	可怕的孩子们	法国	706.0	1950
7.5	古城一线牵	法国	707.0	2016
6.9	地下吻	法国	709.0	2016
7.6	健忘茶	法国	714.0	2008
8.3	橡皮头	法国	717.0	1901
6.2	同意	法国	718.0	2012
6.0	W古斯丁	法国	718.0	2012
7.3	衣冠禽兽	法国	720.0	1938
8.4	绿行星	法国	727.0	1996
6.7	艾曼妞2 爱的教育	法国	729.0	1975
6.3	摩纳哥女孩	法国	732.0	2008
7.0	你知道，你的楼梯很漂亮	法国	733.0	1986
7.3	人生回环赛	法国	740.0	2013
8.4	梅里爱的魔术	法国	742.0	1904
8.6	清水湾的孩子	法国	743.0	1999
7.2	黎明前与你相遇	法国	750.0	2008
7.6	热恋人鱼的男子	法国	752.0	1974
6.9	蜗牛马戏团	法国	754.0	2008
7.3	药剂师	法国	756.0	2003
7.2	天使湾	法国	756.0	1963
7.6	短角情事	法国	757.0	1955
8.3	零用钱	法国	763.0	1976
6.8	庇护	法国	768.0	2009
7.8	贝壳与僧侣	法国	773.0	1928
7.6	所有的男生都叫派翠克	法国	775.0	1959
5.7	新郎嫁错郎	法国	775.0	2015
7.7	表兄弟	法国	777.0	1959
7.9	顽皮鬼	法国	780.0	1957
8.2	有一天	法国	781.0	2001
7.3	希波克拉底	法国	788.0	2014
6.0	童女贞德	法国	789.0	2017
6.5	一次心理治疗	法国	791.0	2012
6.7	穿越之旅	法国	796.0	2011
7.5	悔过的女人	法国	802.0	2002
8.3	第二口气	法国	807.0	1966
7.6	美女如我	法国	807.0	1972
7.1	驴皮公主	法国	807.0	1970
7.8	温柔女子	法国	808.0	1969
7.6	叽哩咕与野兽	法国	811.0	2005
7.4	清洁工汤姆	法国	820.0	1992
6.9	贝蒂	法国	821.0	1992
7.2	完美男人	法国	834.0	2015
7.3	母牛	法国	834.0	2016
7.8	情歌恋曲	法国	846.0	1950
7.8	我的一生	法国	850.0	2009
7.7	野孩子	法国	851.0	1970
7.6	音乐救赎者	法国	851.0	2013
7.3	流年更美丽	法国	852.0	2006
6.4	豪情玫瑰	法国	855.0	1994
8.0	尽一切可能	法国	856.0	2005
7.5	克格勃无间事件	法国	856.0	2009
7.6	削笔工匠	法国	862.0	2013
7.6	狮子星座	法国	865.0	1962
6.8	不留痕迹	法国	867.0	2010
7.1	纵情一曲	法国	867.0	2014
6.7	九月怀胎	法国	869.0	2013
7.6	赤裸童年	法国	872.0	1968
6.7	高卢英雄拯救英格兰	法国	873.0	2012
6.9	维纳斯美容院	法国	876.0	1999
7.4	爱的艺术	法国	882.0	2011
7.7	蒙田大道	法国	884.0	2006
7.4	复核调查	法国	889.0	2007
7.9	青春冒险王	法国	901.0	2015
8.0	国王与王后	法国	912.0	2004
6.0	战神阿瑞斯	法国	916.0	2016
7.0	人之子	法国	917.0	1997
7.3	在撒旦的阳光下	法国	922.0	1987
8.3	奥菲斯的遗嘱	法国	923.0	1960
7.8	禁忌的女人	法国	927.0	1997
7.5	下岗风波	法国	934.0	2001
6.8	孩子们	法国	937.0	2013
6.9	借口公司	法国	944.0	2017
4.7	狼人镇	法国	953.0	2014
8.4	尤利西斯	法国	954.0	1982
7.4	树皮下的沉默	法国	956.0	2010
7.9	桥上的女孩	法国	959.0	1999
7.8	两个英国女孩与欧陆	法国	964.0	1971
7.7	杂货店家的孩子	法国	967.0	2007
7.6	好姻缘	法国	968.0	1982
7.8	远行他方	法国	968.0	1974
8.1	卡拉	法国	969.0	2012
6.8	鸟瞰人生	法国	970.0	2014
7.8	雾码头	法国	981.0	1938
7.5	阿里巴巴和四十大盗	法国	984.0	1954
6.2	嫁我吧，哥们	法国	992.0	2017
7.8	走廊	法国	999.0	2005
7.4	赌徒鲍伯	法国	1005.0	1956
7.3	迷离劫	法国	1010.0	1996
7.4	The Tale Of A Fairy	法国	1012.0	2011
6.7	外交风云	法国	1018.0	2013
7.4	莫里哀情史	法国	1021.0	2007
6.8	艾娃	法国	1022.0	2017
6.7	爱情只能持续三年	法国	1024.0	2012
7.8	穿越九千公里献给你	法国	1025.0	2007
7.7	很可能是魔鬼	法国	1031.0	1977
7.3	夏令营	法国	1036.0	2010
6.8	小气鬼	法国	1038.0	2016
6.8	小气鬼	法国	1038.0	2016
7.7	自私者	法国	1042.0	1996
8.1	最后决战	法国	1048.0	1983
6.7	苏珊娜	法国	1052.0	2013
7.0	绿屋	法国	1065.0	1978
7.0	绿屋	法国	1066.0	1978
9.3	罗密欧与朱丽叶	法国	1069.0	2002
5.7	野兽	法国	1070.0	1975
6.8	我偷窥所以我存在	法国	1075.0	2000
6.7	咖啡馆事件	法国	1079.0	2009
6.1	换屋惊魂	法国	1085.0	2011
7.9	圣女贞德的审判	法国	1086.0	1962
6.7	游泳的女孩	法国	1094.0	2000
7.1	临时保姆2	法国	1094.0	2015
6.7	我决定留下	法国	1098.0	2003
7.5	布劳涅森林的女人们	法国	1101.0	1945
8.1	天外来客	法国	1117.0	1981
8.0	午夜蓝毒	法国	1119.0	2007
7.2	死亡诗篇	法国	1120.0	2003
7.1	巡演	法国	1121.0	2010
7.4	他人之子	法国	1126.0	2012
8.4	欢愉	法国	1127.0	1952
7.3	吾儿唐吉	法国	1148.0	2001
7.2	中国之旅	法国	1162.0	2015
5.6	肉欲横陈	法国	1163.0	2000
6.1	突击	法国	1165.0	2011
7.5	平凡情人	法国	1166.0	2005
6.3	不要让我死于周日	法国	1166.0	1998
7.9	演员	法国	1177.0	1974
7.8	机械芭蕾	法国	1180.0	1924
8.1	新悲惨世界	法国	1186.0	1995
7.2	跳舞的猪	法国	1191.0	1907
7.7	四月之恋	法国	1193.0	2006
6.7	乡下人雅克	法国	1194.0	2007
4.5	蓝调上海	法国	1199.0	2010
8.4	奥菲斯	法国	1205.0	1950
7.7	7.57 AM-PM	法国	1207.0	2010
7.7	弥留之春	法国	1210.0	2012
7.4	监护风云	法国	1214.0	2017
6.6	伊斯梅尔的幽魂	法国	1225.0	2017
7.2	她在路上	法国	1230.0	2013
7.3	都市外来客	法国	1231.0	1994
6.6	鳟鱼	法国	1232.0	1982
6.9	寂寞的心灵	法国	1242.0	2012
6.1	罪爱	法国	1243.0	2010
7.4	局外人	法国	1259.0	2016
8.5	天文学家之梦	法国	1262.0	1898
8.1	我的美国舅舅	法国	1265.0	1980
8.4	吝啬鬼	法国	1267.0	1980
6.9	军中禁恋	法国	1268.0	1999
7.3	胆量与实话	法国	1276.0	1994
7.5	勃朗特姐妹	法国	1283.0	1979
7.5	请吻我	法国	1284.0	2007
7.3	金丝笼	法国	1294.0	2013
8.0	安托万与柯莱特	法国	1300.0	1962
8.0	三个小点	法国	1318.0	2010
7.3	当男人看上男人	法国	1340.0	2000
7.6	扒手莫扎特	法国	1346.0	2006
7.3	借你的手儿牵	法国	1352.0	2006
7.9	幻影集	法国	1357.0	1908
6.7	市场法律	法国	1360.0	2015
6.4	至尊对决	法国	1361.0	2008
7.9	圆月映花都	法国	1363.0	1984
7.7	小鸡	法国	1371.0	1962
7.2	隔墙花	法国	1387.0	1981
6.6	白色物质	法国	1388.0	2009
8.3	花落莺啼春	法国	1390.0	1962
7.9	推定有罪	法国	1405.0	2011
7.5	恋尸者	法国	1409.0	2004
6.0	青春期的法国男孩	法国	1411.0	2009
7.2	千禧年	法国	1412.0	1998
7.6	我爱你，我爱你	法国	1416.0	1968
7.0	桑巴	法国	1423.0	2014
7.8	警察与女兵	法国	1451.0	1982
8.0	柳媚花娇	法国	1458.0	1967
6.8	篮球和数学	法国	1469.0	2009
7.4	我略知她一二	法国	1478.0	1967
7.9	人约巴黎	法国	1493.0	1995
7.6	沙之下	法国	1504.0	2000
7.2	猎户座阴谋	法国	1511.0	2009
7.6	黄金时代	法国	1512.0	1930
7.6	马达加斯加：旅行日记	法国	1519.0	2010
7.6	新纽扣战争	法国	1523.0	2011
7.2	我最好的朋友哈利	法国	1526.0	2000
8.6	艾玛	法国	1527.0	2018
8.0	恶魔的面具	法国	1535.0	1976
8.1	飞行员的妻子	法国	1538.0	1981
7.4	地球禁撸之日	法国	1547.0	2012
6.1	月行者	法国	1549.0	2015
7.7	两极天使	法国	1564.0	1998
6.4	秘密防御	法国	1564.0	2008
7.3	无物申报	法国	1575.0	2011
7.5	脊椎的故事	法国	1583.0	2006
7.6	塞尔日・甘斯布：英雄人生	法国	1596.0	2010
7.6	想飞的猫	法国	1601.0	1999
8.0	乡间一日	法国	1605.0	1936
8.7	生死花园	法国	1611.0	2003
7.7	不害臊的姑娘	法国	1619.0	1985
8.1	狼	法国	1619.0	2009
7.2	人啊人	法国	1619.0	1999
7.7	远离人迹	法国	1627.0	2014
6.4	黑夜吞噬世界	法国	1655.0	2018
8.2	幸福	法国	1659.0	1965
6.3	三人冷水澡	法国	1660.0	2005
7.1	丛林法则	法国	1660.0	2016
7.9	麦当劳桥上的未婚妻	法国	1667.0	1961
7.9	爱情狂奔	法国	1681.0	1979
7.8	情人们	法国	1690.0	1958
5.9	虎皮萌企鹅	法国	1716.0	2017
6.9	情陷夜巴黎	法国	1717.0	1985
3.9	普罗旺斯惊魂记	法国	1733.0	2011
7.2	花瓶	法国	1736.0	2010
8.1	女人韵事	法国	1754.0	1988
7.3	逃犯贝贝	法国	1754.0	1937
7.3	属于我们的圣诞节	法国	1759.0	2008
7.1	时空急转弯2	法国	1804.0	1998
7.3	不伦之恋	法国	1813.0	1981
6.7	爱情强气流	法国	1814.0	2013
7.0	挑逗性谋杀	法国	1828.0	1999
8.3	白鬃野马	法国	1840.0	1953
8.1	这样的爱	法国	1850.0	2010
8.9	南特的雅克・德米	法国	1881.0	1991
6.9	美国制造	法国	1881.0	1966
7.5	鸽子也能上天堂	法国	1886.0	2007
7.6	阿道夫	法国	1894.0	2002
7.5	无手的少女	法国	1914.0	2016
7.2	歌剧院广场	法国	1936.0	2011
8.0	男孩与鹈鹕	法国	1944.0	2011
7.2	唇语惊魂	法国	1950.0	2001
7.1	浪得过火	法国	1952.0	1996
6.0	群斗	法国	2003.0	2010
7.4	警员	法国	2028.0	2011
7.8	人与神	法国	2041.0	2010
7.8	难兄难弟	法国	2049.0	1986
6.1	保持站立	法国	2051.0	2016
8.8	束缚自由	法国	2066.0	2008
7.7	机器人变奏世界	法国	2076.0	2006
6.8	蛇蝎美人	法国	2106.0	2002
8.2	童年的许诺	法国	2108.0	2017
8.6	男人的争斗	法国	2112.0	1955
7.9	公寓	法国	2120.0	2005
7.9	裙角飞扬的日子	法国	2150.0	2008
7.7	警察智斗外星人	法国	2155.0	1979
7.2	中国姑娘	法国	2167.0	1967
5.6	亡命救赎	法国	2174.0	2016
6.5	不惜一切回巴黎	法国	2193.0	2013
8.1	花园派对	法国	2203.0	2017
7.4	萨冈	法国	2219.0	2008
8.0	冬追夏赶	法国	2226.0	2013
7.0	美丽的约定	法国	2257.0	2006
6.6	洛洛	法国	2305.0	2015
7.3	五月之后	法国	2310.0	2012
7.5	青春的三段回忆	法国	2321.0	2015
7.6	当我们17岁	法国	2324.0	2016
8.1	乌鸦	法国	2332.0	1943
7.5	卢浮宫迷情	法国	2332.0	2007
7.3	翻乐谱的女孩	法国	2341.0	2006
6.2	神奇手机	法国	2356.0	2007
8.2	诗人之血	法国	2373.0	1932
8.1	夏日吊带裙	法国	2389.0	1996
7.3	主顾	法国	2413.0	2008
6.7	圣诞奇妙公司	法国	2450.0	2017
7.7	野芦苇	法国	2453.0	1994
7.1	泡沫人生	法国	2458.0	2013
7.6	芳名卡门	法国	2482.0	1983
6.0	迈阿密行动	法国	2495.0	2009
8.1	我爱的男人	法国	2545.0	1997
6.9	再一次初恋	法国	2554.0	2012
6.7	缩水情人梦	法国	2601.0	2016
7.3	东方男孩	法国	2605.0	2013
7.8	美女与野兽	法国	2605.0	1946
7.8	声梦奇遇	法国	2640.0	2013
7.8	偷吻	法国	2681.0	1968
6.1	死色	法国	2690.0	2011
7.3	被爱的人	法国	2704.0	2011
6.9	美丽的谎言	法国	2708.0	2010
7.4	苏姗娜的故事	法国	2716.0	1963
8.2	小孤星	法国	2723.0	1996
8.1	沙滩上的宝莲	法国	2728.0	1983
8.1	操行零分	法国	2755.0	1933
8.1	大饭店	法国	2803.0	1966
8.2	亚特兰大号	法国	2852.0	1934
7.4	99法郎	法国	2867.0	2007
8.7	天堂的孩子	法国	2907.0	1945
7.2	干柴烈火	法国	2912.0	2000
6.8	猎物	法国	2934.0	2011
6.1	神童	法国	2963.0	2011
8.8	负空间	法国	2973.0	2017
7.5	警界争雄	法国	2978.0	2004
7.5	梵高	法国	3000.0	1991
7.2	MR 73左轮枪	法国	3015.0	2008
7.8	我会等待着下一个	法国	3072.0	2002
8.0	射杀钢琴师	法国	3074.0	1960
7.2	母女情深	法国	3114.0	2008
6.3	不忠者	法国	3120.0	2012
7.3	小淘气尼古拉的假期	法国	3128.0	2014
7.8	杀人的夏天	法国	3149.0	1983
7.2	一次邂逅	法国	3235.0	2014
8.2	日出时让悲伤终结	法国	3248.0	1991
7.6	和其他人一样	法国	3276.0	2008
6.0	时空穿越者	法国	3280.0	2007
8.2	我是城堡之王	法国	3286.0	1989
8.3	轻松自由	法国	3309.0	2014
8.5	禁忌的游戏	法国	3479.0	1952
8.5	穆谢特	法国	3502.0	1967
9.3	巴黎圣母院	法国	3504.0	1999
6.8	雷诺阿	法国	3525.0	2012
7.9	克莱尔的膝盖	法国	3562.0	1970
8.0	于洛先生的假期	法国	3655.0	1953
7.3	临时保姆	法国	3662.0	2014
8.1	坏血	法国	3704.0	1986
7.2	法国万岁	法国	3737.0	2013
6.6	艾曼纽	法国	3799.0	1974
7.1	流浪的迪潘	法国	3829.0	2015
8.3	乡村牧师日记	法国	3845.0	1951
7.9	女收藏家	法国	3846.0	1967
8.2	谷子和鲻鱼	法国	3851.0	2007
8.2	白色婚礼	法国	3860.0	1989
7.2	男孩们和吉约姆	法国	3936.0	2013
7.9	克里蒂，童话的小屋	法国	3939.0	2009
8.4	慕德家一夜	法国	3964.0	1969
7.2	无巧不成婚	法国	3972.0	2017
9.4	摇滚莫扎特	法国	3989.0	2010
8.4	大幻影	法国	4068.0	1937
7.7	夏日时光	法国	4069.0	2008
7.2	爱丽舍宫的女大厨	法国	4070.0	2012
6.9	邂逅幸福	法国	4129.0	2012
7.4	包法利夫人	法国	4170.0	1991
6.0	暗黑之地	法国	4177.0	2015
8.3	非常小王子	法国	4190.0	2002
8.1	青蛙的预言	法国	4206.0	2003
7.4	一键成名	法国	4209.0	2012
6.9	呼吸	法国	4236.0	2014
7.1	不可告人	法国	4243.0	2006
7.1	圣罗兰传	法国	4302.0	2014
7.9	起名风波	法国	4333.0	2012
8.0	我生命中的男人	法国	4337.0	2006
6.7	水仙花开	法国	4367.0	2007
7.6	中国益智游戏	法国	4379.0	2013
7.5	同船爱歌	法国	4544.0	2016
6.6	单刀直入	法国	4709.0	2010
6.5	橡皮轮胎杀手	法国	4713.0	2010
7.1	时空急转弯	法国	4828.0	1993
7.6	我心遗忘的节奏	法国	4839.0	2005
8.7	圣女贞德蒙难记	法国	4889.0	1928
8.4	游戏规则	法国	5138.0	1939
8.4	一个男人和一个女人	法国	5312.0	1966
7.5	男人要自爱	法国	5315.0	2018
7.3	圣歌	法国	5360.0	2002
5.9	复仇	法国	5515.0	2017
7.9	一件幸福的事	法国	5543.0	2011
7.6	枕边的男人	法国	5609.0	2009
7.6	花神咖啡馆的情人们	法国	5609.0	2006
8.4	画之国	法国	5716.0	2011
6.3	我想吃掉你	法国	5743.0	2009
7.9	地下铁	法国	5942.0	1985
8.3	冬天的故事	法国	5956.0	1992
8.3	美食家	法国	6062.0	1976
7.4	美丽的人	法国	6078.0	2008
8.1	莎拉的钥匙	法国	6143.0	2010
7.4	一日情人	法国	6148.0	2017
8.2	超级维纳斯	法国	6180.0	2014
8.4	随心所欲	法国	6239.0	1962
8.2	夜幕下的故事	法国	6323.0	2011
7.7	最后一班地铁	法国	6337.0	1980
8.2	非法入境	法国	6344.0	2009
6.8	床的另一边	法国	6372.0	2008
7.8	晚餐游戏	法国	6428.0	1998
8.5	隐藏的恋情	法国	6450.0	2005
8.0	和尚与飞鱼	法国	6584.0	1994
7.7	天使爱过界	法国	6675.0	2002
8.5	生命之门	法国	6791.0	2010
8.1	绿光	法国	6920.0	1986
8.5	法外之徒	法国	6924.0	1964
8.1	面包店的女孩	法国	7000.0	1963
8.0	山顶小屋咚咚摇	法国	7044.0	1999
6.6	狼族盟约	法国	7234.0	2001
6.5	亚瑟3：终极对决	法国	7282.0	2010
5.6	的士速递5	法国	7547.0	2018
7.8	大鼻子情圣	法国	7609.0	1990
7.7	我的国王	法国	7645.0	2015
6.9	不朽	法国	7770.0	2010
7.9	怪房客	法国	7860.0	1976
8.5	死囚越狱	法国	7880.0	1956
8.9	堤	法国	7978.0	1962
7.5	巴黎	法国	8105.0	2008
6.0	私人采购员	法国	8201.0	2016
8.3	秋天的故事	法国	8234.0	1998
6.5	终极快递	法国	8295.0	2010
8.3	扒手	法国	8376.0	1959
7.6	女儿国的杰基	法国	8558.0	2014
6.6	伊夫圣罗兰传	法国	8604.0	2014
6.8	20岁的差距	法国	8613.0	2013
6.9	微妙爱情	法国	8813.0	2011
7.4	湖畔的陌生人	法国	9039.0	2013
8.3	资产阶级的审慎魅力	法国	9209.0	1972
6.6	郁金香芳芳	法国	9299.0	2003
6.6	特种部队	法国	9375.0	2011
8.6	国王与小鸟	法国	9471.0	1980
8.2	灵犬雪莉	法国	9632.0	2013
8.2	灵犬雪莉	法国	9635.0	2013
6.3	亚瑟和他的迷你王国2	法国	9856.0	2009
8.2	怒火青春	法国	10260.0	1995
8.6	王子与公主	法国	10367.0	2000
7.5	初吻2	法国	11201.0	1982
6.4	地狱解剖	法国	11544.0	2004
8.3	黑道快餐店	法国	11563.0	2007
7.2	我的小公主	法国	11735.0	2011
8.1	阿黛尔・雨果的故事	法国	11753.0	1975
8.0	时光驻留	法国	11780.0	2005
7.5	新女友	法国	11867.0	2014
7.2	死路	法国	12153.0	2003
7.9	屋顶上的轻骑兵	法国	12554.0	1995
8.3	明月守护者	法国	12570.0	2014
8.2	小小的白色谎言	法国	12849.0	2010
7.4	暗流	法国	13026.0	2000
7.4	巴黎小情歌	法国	13282.0	2007
8.5	余生的第一天	法国	13507.0	2008
7.8	法式炒咖啡	法国	14002.0	2008
7.6	怪兽在巴黎	法国	14449.0	2011
6.6	香奈儿秘密情史	法国	14873.0	2009
7.8	每个人都有他自己的电影	法国	14999.0	2007
6.9	逃之夭夭	法国	15465.0	2005
8.5	像素入侵	法国	16112.0	2010
7.9	机械心	法国	16132.0	2013
8.9	月球旅行记	法国	16840.0	1902
7.7	天使A	法国	17043.0	2005
7.1	超级女特工	法国	17370.0	2008
7.3	私奔B计划	法国	18483.0	2012
8.1	一条安达鲁狗	法国	18960.0	1929
8.1	罗丹的情人	法国	19429.0	1988
8.3	精疲力尽	法国	20152.0	1960
8.8	与玛格丽特的午后	法国	20457.0	2010
8.1	欢迎来北方	法国	21547.0	2008
7.4	圣女贞德	法国	21848.0	1999
8.1	尽情游戏	法国	22570.0	2009
8.3	每分钟120击	法国	23282.0	2017
6.9	的士速递4	法国	23995.0	2007
8.4	祖与占	法国	24236.0	1962
8.4	心房客	法国	24356.0	2015
7.3	的士速递3	法国	24834.0	2003
7.4	花容月貌	法国	25824.0	2013
7.1	真爱无价	法国	26623.0	2006
8.8	艾特熊和赛娜鼠	法国	26775.0	2012
8.1	新桥恋人	法国	27822.0	1991
8.3	普罗旺斯的夏天	法国	28309.0	2014
8.8	红气球	法国	28479.0	1956
8.0	黑店狂想曲	法国	31964.0	1991
7.8	的士速递2	法国	32905.0	2000
7.2	亚瑟和他的迷你王国	法国	36121.0	2006
6.6	卢浮魅影	法国	36204.0	2001
6.9	致命黑兰	法国	38395.0	2011
9.0	精神分裂症	法国	45603.0	2008
7.8	的士速递	法国	47051.0	1998
7.4	暴力街区13：终极	法国	48882.0	2009
6.9	玩命快递3	法国	51813.0	2008
8.0	初吻	法国	57730.0	1980
7.1	时尚先锋香奈儿	法国	58287.0	2009
6.8	阿黛拉的非凡冒险	法国	60749.0	2010
8.1	芳芳	法国	69598.0	1993
8.5	登堂入室	法国	79131.0	2012
8.6	蝴蝶	法国	97138.0	2002
7.0	星际特工：千星之城	法国	115406.0	2017
9.2	调音师	法国	131407.0	2010
8.0	小王子	法国	157948.0	2015
7.1	超体	法国	275199.0	2014
9.2	触不可及	法国	441358.0	2011
9.4	这个杀手不太冷	法国	1030651.0	1994